country,country_code,year,gini
United States,USA,1963.0,36.7
United States,USA,1964.0,37.4
United States,USA,1965.0,36.8
United States,USA,1966.0,37.1
United States,USA,1967.0,36.9
United Kingdom,GBR,1968.0,26.8
United States,USA,1968.0,36.3
United Kingdom,GBR,1969.0,27.9
United States,USA,1969.0,36.0
France,FRA,1970.0,37.1
United Kingdom,GBR,1970.0,28.0
United States,USA,1970.0,36.6
Canada,CAN,1971.0,37.2
United Kingdom,GBR,1971.0,29.3
United States,USA,1971.0,36.9
United Kingdom,GBR,1972.0,28.8
United States,USA,1972.0,36.7
Canada,CAN,1973.0,34.9
United Kingdom,GBR,1973.0,28.8
United States,USA,1973.0,36.1
United Kingdom,GBR,1974.0,29.0
United States,USA,1974.0,35.5
Canada,CAN,1975.0,34.1
France,FRA,1975.0,35.9
United Kingdom,GBR,1975.0,27.9
Sweden,SWE,1975.0,24.3
United States,USA,1975.0,35.6
United Kingdom,GBR,1976.0,27.6
United States,USA,1976.0,35.6
Canada,CAN,1977.0,33.7
United Kingdom,GBR,1977.0,27.1
India,IND,1977.0,29.7
Italy,ITA,1977.0,34.0
United States,USA,1977.0,35.5
United Kingdom,GBR,1978.0,27.2
Italy,ITA,1978.0,33.3
United States,USA,1978.0,34.8
Canada,CAN,1979.0,33.5
France,FRA,1979.0,34.0
United Kingdom,GBR,1979.0,27.4
Israel,ISR,1979.0,36.3
Italy,ITA,1979.0,33.3
Norway,NOR,1979.0,26.9
Panama,PAN,1979.0,48.7
United States,USA,1979.0,34.8
Argentina,ARG,1980.0,40.8
Colombia,COL,1980.0,55.1
Spain,ESP,1980.0,34.5
United Kingdom,GBR,1980.0,28.5
Italy,ITA,1980.0,32.9
Madagascar,MDG,1980.0,46.8
United States,USA,1980.0,34.7
Australia,AUS,1981.0,31.3
Brazil,BRA,1981.0,57.9
Canada,CAN,1981.0,33.0
China,CHN,1981.0,28.2
Costa Rica,CRI,1981.0,47.5
United Kingdom,GBR,1981.0,29.7
Italy,ITA,1981.0,31.6
Sweden,SWE,1981.0,22.9
Thailand,THA,1981.0,45.2
Uruguay,URY,1981.0,43.6
United States,USA,1981.0,35.5
"Venezuela, RB",VEN,1981.0,55.6
Brazil,BRA,1982.0,58.4
Canada,CAN,1982.0,32.9
Switzerland,CHE,1982.0,36.0
United Kingdom,GBR,1982.0,29.9
Italy,ITA,1982.0,29.2
United States,USA,1982.0,36.7
Bangladesh,BGD,1983.0,25.9
Brazil,BRA,1983.0,58.9
United Kingdom,GBR,1983.0,29.8
India,IND,1983.0,27.2
Italy,ITA,1983.0,29.8
Netherlands,NLD,1983.0,28.4
United States,USA,1983.0,37.3
Brazil,BRA,1984.0,58.3
Canada,CAN,1984.0,33.5
China,CHN,1984.0,27.1
France,FRA,1984.0,33.4
United Kingdom,GBR,1984.0,29.2
Indonesia,IDN,1984.0,32.3
Italy,ITA,1984.0,31.3
Morocco,MAR,1984.0,36.5
Mexico,MEX,1984.0,48.5
Malaysia,MYS,1984.0,48.5
Nepal,NPL,1984.0,30.1
United States,USA,1984.0,37.3
Australia,AUS,1985.0,32.5
Belgium,BEL,1985.0,25.2
Bangladesh,BGD,1985.0,26.9
Brazil,BRA,1985.0,55.5
Botswana,BWA,1985.0,54.2
Canada,CAN,1985.0,33.2
Cote d'Ivoire,CIV,1985.0,45.5
Spain,ESP,1985.0,34.4
United Kingdom,GBR,1985.0,30.4
Sri Lanka,LKA,1985.0,32.5
Luxembourg,LUX,1985.0,26.3
Nigeria,NGA,1985.0,38.7
Peru,PER,1985.0,45.6
Philippines,PHL,1985.0,41.0
Poland,POL,1985.0,25.1
Tunisia,TUN,1985.0,43.4
United States,USA,1985.0,37.6
Argentina,ARG,1986.0,42.8
Brazil,BRA,1986.0,58.4
Canada,CAN,1986.0,31.7
Cote d'Ivoire,CIV,1986.0,38.0
Costa Rica,CRI,1986.0,34.4
Dominican Republic,DOM,1986.0,47.8
United Kingdom,GBR,1986.0,31.9
Guatemala,GTM,1986.0,54.1
"Iran, Islamic Rep.",IRN,1986.0,47.4
Israel,ISR,1986.0,36.5
Italy,ITA,1986.0,31.2
Jordan,JOR,1986.0,36.1
Lesotho,LSO,1986.0,56.0
Luxembourg,LUX,1986.0,28.1
Norway,NOR,1986.0,24.6
Poland,POL,1986.0,28.0
United States,USA,1986.0,37.6
Argentina,ARG,1987.0,45.3
Brazil,BRA,1987.0,59.6
Canada,CAN,1987.0,31.7
Chile,CHL,1987.0,56.2
China,CHN,1987.0,29.4
Cote d'Ivoire,CIV,1987.0,40.5
Denmark,DNK,1987.0,26.2
Ecuador,ECU,1987.0,50.5
Finland,FIN,1987.0,22.2
United Kingdom,GBR,1987.0,33.9
Ghana,GHA,1987.0,35.3
Hungary,HUN,1987.0,20.9
Indonesia,IDN,1987.0,30.4
India,IND,1987.0,27.5
Ireland,IRL,1987.0,35.5
Italy,ITA,1987.0,34.2
Luxembourg,LUX,1987.0,29.5
Mauritania,MRT,1987.0,43.9
Malaysia,MYS,1987.0,47.0
Netherlands,NLD,1987.0,26.8
Pakistan,PAK,1987.0,33.3
Poland,POL,1987.0,25.5
Slovenia,SVN,1987.0,23.6
Sweden,SWE,1987.0,23.1
Turkiye,TUR,1987.0,41.0
United States,USA,1987.0,37.2
"Venezuela, RB",VEN,1987.0,53.4
Belgium,BEL,1988.0,25.7
Bangladesh,BGD,1988.0,28.8
Brazil,BRA,1988.0,61.4
Canada,CAN,1988.0,31.2
Cote d'Ivoire,CIV,1988.0,36.9
Colombia,COL,1988.0,53.1
Algeria,DZA,1988.0,37.4
United Kingdom,GBR,1988.0,34.3
Ghana,GHA,1988.0,36.0
Croatia,HRV,1988.0,22.8
Jamaica,JAM,1988.0,43.2
Luxembourg,LUX,1988.0,28.8
Philippines,PHL,1988.0,40.7
Thailand,THA,1988.0,43.8
Trinidad and Tobago,TTO,1988.0,42.6
United States,USA,1988.0,37.7
Australia,AUS,1989.0,33.2
Bulgaria,BGR,1989.0,23.4
Brazil,BRA,1989.0,63.2
Canada,CAN,1989.0,31.0
Colombia,COL,1989.0,52.8
Costa Rica,CRI,1989.0,45.5
Dominican Republic,DOM,1989.0,50.4
United Kingdom,GBR,1989.0,33.4
Guatemala,GTM,1989.0,58.8
Honduras,HND,1989.0,55.4
Hungary,HUN,1989.0,25.0
Italy,ITA,1989.0,32.1
Luxembourg,LUX,1989.0,30.8
Mexico,MEX,1989.0,50.1
Malaysia,MYS,1989.0,46.2
Panama,PAN,1989.0,58.5
Poland,POL,1989.0,26.8
Romania,ROU,1989.0,23.3
El Salvador,SLV,1989.0,48.7
Uganda,UGA,1989.0,44.4
Uruguay,URY,1989.0,42.4
United States,USA,1989.0,38.2
"Venezuela, RB",VEN,1989.0,43.8
Bolivia,BOL,1990.0,42.0
Brazil,BRA,1990.0,60.5
Canada,CAN,1990.0,31.4
Chile,CHL,1990.0,57.2
China,CHN,1990.0,32.2
Costa Rica,CRI,1990.0,45.2
"Egypt, Arab Rep.",EGY,1990.0,32.0
Spain,ESP,1990.0,32.0
France,FRA,1990.0,32.1
United Kingdom,GBR,1990.0,35.7
Honduras,HND,1990.0,55.9
Indonesia,IDN,1990.0,31.1
"Iran, Islamic Rep.",IRN,1990.0,43.6
Jamaica,JAM,1990.0,41.1
Sri Lanka,LKA,1990.0,32.4
Luxembourg,LUX,1990.0,27.7
Morocco,MAR,1990.0,39.2
Netherlands,NLD,1990.0,31.1
Pakistan,PAK,1990.0,33.2
Paraguay,PRY,1990.0,40.8
Thailand,THA,1990.0,45.3
Tunisia,TUN,1990.0,40.1
United States,USA,1990.0,38.3
Argentina,ARG,1991.0,46.8
Bangladesh,BGD,1991.0,27.6
Canada,CAN,1991.0,31.9
Colombia,COL,1991.0,51.3
Costa Rica,CRI,1991.0,46.6
Germany,DEU,1991.0,29.5
Finland,FIN,1991.0,22.9
United Kingdom,GBR,1991.0,35.0
Ghana,GHA,1991.0,38.4
Guinea,GIN,1991.0,45.6
Guinea-Bissau,GNB,1991.0,55.8
Honduras,HND,1991.0,51.8
Hungary,HUN,1991.0,29.6
Italy,ITA,1991.0,31.0
Luxembourg,LUX,1991.0,27.2
Norway,NOR,1991.0,25.2
Panama,PAN,1991.0,58.0
Philippines,PHL,1991.0,43.8
Senegal,SEN,1991.0,54.0
El Salvador,SLV,1991.0,53.8
Tanzania,TZA,1991.0,35.3
United States,USA,1991.0,38.0
Zambia,ZMB,1991.0,59.4
Argentina,ARG,1992.0,45.5
Burundi,BDI,1992.0,33.3
Belgium,BEL,1992.0,24.9
Bulgaria,BGR,1992.0,30.7
Bolivia,BOL,1992.0,49.1
Brazil,BRA,1992.0,53.1
Central African Republic,CAF,1992.0,59.7
Canada,CAN,1992.0,31.6
Switzerland,CHE,1992.0,33.9
Chile,CHL,1992.0,54.8
Cote d'Ivoire,CIV,1992.0,39.4
Colombia,COL,1992.0,51.3
Costa Rica,CRI,1992.0,45.6
Czechia,CZE,1992.0,20.7
Germany,DEU,1992.0,29.1
Denmark,DNK,1992.0,24.7
Dominican Republic,DOM,1992.0,51.1
United Kingdom,GBR,1992.0,35.0
Guyana,GUY,1992.0,39.5
Honduras,HND,1992.0,51.8
Israel,ISR,1992.0,35.5
Jordan,JOR,1992.0,43.1
Kenya,KEN,1992.0,56.9
Lao PDR,LAO,1992.0,34.3
Luxembourg,LUX,1992.0,27.3
Mexico,MEX,1992.0,52.3
Malaysia,MYS,1992.0,47.7
Niger,NER,1992.0,36.0
Nigeria,NGA,1992.0,44.9
Poland,POL,1992.0,29.3
Romania,ROU,1992.0,25.5
Slovak Republic,SVK,1992.0,20.2
Sweden,SWE,1992.0,24.9
Thailand,THA,1992.0,47.9
Trinidad and Tobago,TTO,1992.0,40.2
Uganda,UGA,1992.0,41.4
Ukraine,UKR,1992.0,29.7
Uruguay,URY,1992.0,41.5
United States,USA,1992.0,38.4
"Venezuela, RB",VEN,1992.0,42.1
Viet Nam,VNM,1992.0,35.7
Argentina,ARG,1993.0,44.8
Belarus,BLR,1993.0,21.6
Belize,BLZ,1993.0,60.2
Brazil,BRA,1993.0,60.1
Botswana,BWA,1993.0,60.1
Canada,CAN,1993.0,31.7
China,CHN,1993.0,33.9
Costa Rica,CRI,1993.0,45.9
Czechia,CZE,1993.0,26.6
Germany,DEU,1993.0,28.6
Spain,ESP,1993.0,35.7
Estonia,EST,1993.0,39.4
United Kingdom,GBR,1993.0,35.1
Guinea-Bissau,GNB,1993.0,43.6
Honduras,HND,1993.0,53.4
Hungary,HUN,1993.0,27.9
Indonesia,IDN,1993.0,31.8
India,IND,1993.0,26.1
Italy,ITA,1993.0,35.1
Jamaica,JAM,1993.0,35.7
Kazakhstan,KAZ,1993.0,32.7
Lithuania,LTU,1993.0,33.2
Luxembourg,LUX,1993.0,27.0
Latvia,LVA,1993.0,27.0
Madagascar,MDG,1993.0,45.2
Mauritania,MRT,1993.0,49.5
Namibia,NAM,1993.0,71.1
Nicaragua,NIC,1993.0,57.1
Netherlands,NLD,1993.0,30.4
Poland,POL,1993.0,26.7
Russian Federation,RUS,1993.0,45.4
Slovenia,SVN,1993.0,29.1
Ukraine,UKR,1993.0,28.9
United States,USA,1993.0,40.4
South Africa,ZAF,1993.0,59.3
Zambia,ZMB,1993.0,52.6
Argentina,ARG,1994.0,45.9
Austria,AUT,1994.0,30.8
Burkina Faso,BFA,1994.0,48.0
Bulgaria,BGR,1994.0,24.3
Belize,BLZ,1994.0,60.9
Canada,CAN,1994.0,31.3
Chile,CHL,1994.0,56.4
Costa Rica,CRI,1994.0,46.7
Germany,DEU,1994.0,29.2
Ecuador,ECU,1994.0,53.3
Spain,ESP,1994.0,35.1
United Kingdom,GBR,1994.0,36.0
Guinea,GIN,1994.0,46.1
Honduras,HND,1994.0,55.0
Hungary,HUN,1994.0,33.3
Ireland,IRL,1994.0,36.9
"Iran, Islamic Rep.",IRN,1994.0,43.0
Kenya,KEN,1994.0,43.1
Lesotho,LSO,1994.0,63.0
Luxembourg,LUX,1994.0,28.1
Mexico,MEX,1994.0,53.4
Mali,MLI,1994.0,50.1
Niger,NER,1994.0,41.5
Peru,PER,1994.0,44.0
Philippines,PHL,1994.0,42.9
Romania,ROU,1994.0,28.2
Senegal,SEN,1994.0,39.2
Eswatini,SWZ,1994.0,58.7
Thailand,THA,1994.0,43.5
Turkiye,TUR,1994.0,41.3
United States,USA,1994.0,40.0
Argentina,ARG,1995.0,48.9
Australia,AUS,1995.0,32.6
Austria,AUT,1995.0,29.9
Azerbaijan,AZE,1995.0,34.6
Belgium,BEL,1995.0,28.4
Bangladesh,BGD,1995.0,32.9
Bulgaria,BGR,1995.0,32.8
Belarus,BLR,1995.0,28.7
Belize,BLZ,1995.0,57.5
Brazil,BRA,1995.0,59.5
Canada,CAN,1995.0,31.5
Cote d'Ivoire,CIV,1995.0,40.6
Costa Rica,CRI,1995.0,45.7
Germany,DEU,1995.0,28.8
Denmark,DNK,1995.0,23.0
Algeria,DZA,1995.0,35.3
Ecuador,ECU,1995.0,50.8
"Egypt, Arab Rep.",EGY,1995.0,30.1
Spain,ESP,1995.0,35.7
Estonia,EST,1995.0,30.1
Ethiopia,ETH,1995.0,44.6
Finland,FIN,1995.0,23.5
United Kingdom,GBR,1995.0,35.5
Greece,GRC,1995.0,37.0
Honduras,HND,1995.0,55.5
Ireland,IRL,1995.0,37.0
Italy,ITA,1995.0,35.2
St. Lucia,LCA,1995.0,42.6
Sri Lanka,LKA,1995.0,35.4
Luxembourg,LUX,1995.0,28.3
Latvia,LVA,1995.0,31.0
Mongolia,MNG,1995.0,33.2
Mauritania,MRT,1995.0,37.7
Malaysia,MYS,1995.0,48.5
Norway,NOR,1995.0,26.0
Nepal,NPL,1995.0,35.2
Panama,PAN,1995.0,57.6
Poland,POL,1995.0,34.6
Paraguay,PRY,1995.0,58.1
Romania,ROU,1995.0,31.2
El Salvador,SLV,1995.0,49.8
Sweden,SWE,1995.0,25.2
Tunisia,TUN,1995.0,41.7
Ukraine,UKR,1995.0,39.2
Uruguay,URY,1995.0,40.9
United States,USA,1995.0,39.9
"Venezuela, RB",VEN,1995.0,47.2
Albania,ALB,1996.0,27.0
Argentina,ARG,1996.0,49.5
Armenia,ARM,1996.0,44.4
Austria,AUT,1996.0,29.3
Belize,BLZ,1996.0,56.6
Brazil,BRA,1996.0,59.8
Canada,CAN,1996.0,32.8
Chile,CHL,1996.0,54.9
China,CHN,1996.0,35.2
Cameroon,CMR,1996.0,44.4
Colombia,COL,1996.0,56.8
Costa Rica,CRI,1996.0,46.5
Czechia,CZE,1996.0,25.8
Germany,DEU,1996.0,28.0
Dominican Republic,DOM,1996.0,47.4
Spain,ESP,1996.0,36.5
France,FRA,1996.0,32.0
United Kingdom,GBR,1996.0,35.3
Georgia,GEO,1996.0,37.1
Honduras,HND,1996.0,55.7
Indonesia,IDN,1996.0,34.2
Ireland,IRL,1996.0,35.6
Jamaica,JAM,1996.0,40.4
Kazakhstan,KAZ,1996.0,35.4
Lithuania,LTU,1996.0,32.3
Luxembourg,LUX,1996.0,29.0
Latvia,LVA,1996.0,31.6
Mexico,MEX,1996.0,52.0
Mozambique,MOZ,1996.0,53.3
Nigeria,NGA,1996.0,51.9
Pakistan,PAK,1996.0,28.7
Papua New Guinea,PNG,1996.0,45.8
Poland,POL,1996.0,32.6
Russian Federation,RUS,1996.0,46.1
El Salvador,SLV,1996.0,51.0
Slovak Republic,SVK,1996.0,26.3
Syrian Arab Republic,SYR,1996.0,35.2
Thailand,THA,1996.0,42.9
Uganda,UGA,1996.0,39.0
Ukraine,UKR,1996.0,35.2
Uruguay,URY,1996.0,40.8
United States,USA,1996.0,40.3
Zambia,ZMB,1996.0,48.3
Argentina,ARG,1997.0,49.1
Austria,AUT,1997.0,29.1
Belgium,BEL,1997.0,26.8
Bulgaria,BGR,1997.0,26.4
Belize,BLZ,1997.0,60.4
Bolivia,BOL,1997.0,58.1
Brazil,BRA,1997.0,59.8
Canada,CAN,1997.0,33.1
Costa Rica,CRI,1997.0,45.6
Germany,DEU,1997.0,28.2
Dominican Republic,DOM,1997.0,48.9
Spain,ESP,1997.0,35.3
France,FRA,1997.0,31.9
United Kingdom,GBR,1997.0,35.7
Georgia,GEO,1997.0,40.7
Honduras,HND,1997.0,52.7
Israel,ISR,1997.0,38.1
Jordan,JOR,1997.0,36.4
Kenya,KEN,1997.0,45.0
Lao PDR,LAO,1997.0,34.9
Luxembourg,LUX,1997.0,29.6
Latvia,LVA,1997.0,34.4
Moldova,MDA,1997.0,36.9
Madagascar,MDG,1997.0,39.4
Malawi,MWI,1997.0,65.8
Malaysia,MYS,1997.0,49.1
Panama,PAN,1997.0,58.1
Peru,PER,1997.0,53.3
Philippines,PHL,1997.0,46.0
Paraguay,PRY,1997.0,54.9
Romania,ROU,1997.0,30.5
Russian Federation,RUS,1997.0,38.4
Slovenia,SVN,1997.0,24.1
Uruguay,URY,1997.0,41.5
United States,USA,1997.0,40.5
Viet Nam,VNM,1997.0,35.4
Argentina,ARG,1998.0,50.7
Austria,AUT,1998.0,31.3
Burundi,BDI,1998.0,42.1
Burkina Faso,BFA,1998.0,49.9
Belarus,BLR,1998.0,32.0
Belize,BLZ,1998.0,54.9
Brazil,BRA,1998.0,59.6
Canada,CAN,1998.0,33.2
Chile,CHL,1998.0,55.5
Cote d'Ivoire,CIV,1998.0,39.0
Costa Rica,CRI,1998.0,45.6
Germany,DEU,1998.0,28.3
Ecuador,ECU,1998.0,49.6
Spain,ESP,1998.0,34.6
Estonia,EST,1998.0,37.6
France,FRA,1998.0,31.7
United Kingdom,GBR,1998.0,36.6
Georgia,GEO,1998.0,41.2
Ghana,GHA,1998.0,40.1
"Gambia, The",GMB,1998.0,48.3
Guatemala,GTM,1998.0,49.4
Guyana,GUY,1998.0,45.1
Honduras,HND,1998.0,57.3
Croatia,HRV,1998.0,28.7
Hungary,HUN,1998.0,26.4
Indonesia,IDN,1998.0,30.9
"Iran, Islamic Rep.",IRN,1998.0,44.1
Italy,ITA,1998.0,36.7
Kyrgyz Republic,KGZ,1998.0,46.3
Lithuania,LTU,1998.0,32.1
Luxembourg,LUX,1998.0,30.6
Latvia,LVA,1998.0,33.3
Morocco,MAR,1998.0,39.4
Moldova,MDA,1998.0,39.5
Mexico,MEX,1998.0,53.3
North Macedonia,MKD,1998.0,28.1
Mongolia,MNG,1998.0,30.3
Nicaragua,NIC,1998.0,54.4
Pakistan,PAK,1998.0,33.1
Panama,PAN,1998.0,57.3
Peru,PER,1998.0,55.1
Poland,POL,1998.0,32.3
Romania,ROU,1998.0,31.1
Russian Federation,RUS,1998.0,38.1
El Salvador,SLV,1998.0,54.4
Slovenia,SVN,1998.0,28.4
Thailand,THA,1998.0,41.5
Turkmenistan,TKM,1998.0,40.8
Uruguay,URY,1998.0,42.5
United States,USA,1998.0,40.0
Uzbekistan,UZB,1998.0,44.1
"Venezuela, RB",VEN,1998.0,48.0
"Yemen, Rep.",YEM,1998.0,35.0
Zambia,ZMB,1998.0,49.1
Argentina,ARG,1999.0,49.8
Armenia,ARM,1999.0,36.2
Austria,AUT,1999.0,29.7
Belarus,BLR,1999.0,31.7
Belize,BLZ,1999.0,53.2
Bolivia,BOL,1999.0,58.0
Brazil,BRA,1999.0,59.0
Canada,CAN,1999.0,33.1
China,CHN,1999.0,38.7
Colombia,COL,1999.0,58.5
Costa Rica,CRI,1999.0,47.6
Germany,DEU,1999.0,29.0
Ecuador,ECU,1999.0,58.6
"Egypt, Arab Rep.",EGY,1999.0,30.8
Spain,ESP,1999.0,33.8
Ethiopia,ETH,1999.0,30.0
France,FRA,1999.0,32.5
United Kingdom,GBR,1999.0,36.8
Georgia,GEO,1999.0,40.1
Honduras,HND,1999.0,55.2
Croatia,HRV,1999.0,27.6
Hungary,HUN,1999.0,30.2
Indonesia,IDN,1999.0,30.8
Jamaica,JAM,1999.0,44.1
Lithuania,LTU,1999.0,32.0
Luxembourg,LUX,1999.0,30.0
Moldova,MDA,1999.0,42.6
Madagascar,MDG,1999.0,38.6
Netherlands,NLD,1999.0,28.1
Panama,PAN,1999.0,56.3
Peru,PER,1999.0,54.8
Poland,POL,1999.0,32.3
Paraguay,PRY,1999.0,54.6
Romania,ROU,1999.0,29.4
Russian Federation,RUS,1999.0,37.4
El Salvador,SLV,1999.0,52.1
Suriname,SUR,1999.0,57.5
Slovenia,SVN,1999.0,24.0
Seychelles,SYC,1999.0,42.8
Thailand,THA,1999.0,43.1
Tajikistan,TJK,1999.0,29.5
Uganda,UGA,1999.0,43.0
Ukraine,UKR,1999.0,28.9
United States,USA,1999.0,40.0
"Venezuela, RB",VEN,1999.0,47.7
Angola,AGO,2000.0,51.9
Argentina,ARG,2000.0,51.0
Austria,AUT,2000.0,29.0
Belgium,BEL,2000.0,33.1
Bangladesh,BGD,2000.0,33.4
Belarus,BLR,2000.0,31.2
Bolivia,BOL,2000.0,61.6
Canada,CAN,2000.0,33.4
Switzerland,CHE,2000.0,33.4
Chile,CHL,2000.0,52.8
Colombia,COL,2000.0,58.4
Costa Rica,CRI,2000.0,47.4
Germany,DEU,2000.0,28.9
Denmark,DNK,2000.0,23.8
Dominican Republic,DOM,2000.0,51.5
Ecuador,ECU,2000.0,56.3
Spain,ESP,2000.0,34.1
Estonia,EST,2000.0,35.8
Finland,FIN,2000.0,27.2
France,FRA,2000.0,32.6
United Kingdom,GBR,2000.0,38.8
Georgia,GEO,2000.0,40.5
Greece,GRC,2000.0,34.4
Guatemala,GTM,2000.0,54.2
Croatia,HRV,2000.0,31.3
Hungary,HUN,2000.0,27.2
Indonesia,IDN,2000.0,30.3
Ireland,IRL,2000.0,33.0
Italy,ITA,2000.0,35.2
Kyrgyz Republic,KGZ,2000.0,31.0
Lithuania,LTU,2000.0,31.7
Luxembourg,LUX,2000.0,30.1
Morocco,MAR,2000.0,40.6
Moldova,MDA,2000.0,36.4
Mexico,MEX,2000.0,53.4
North Macedonia,MKD,2000.0,34.3
Mauritania,MRT,2000.0,39.0
Norway,NOR,2000.0,27.4
Panama,PAN,2000.0,56.6
Peru,PER,2000.0,49.1
Philippines,PHL,2000.0,47.7
Poland,POL,2000.0,33.0
Romania,ROU,2000.0,29.3
Russian Federation,RUS,2000.0,37.1
Rwanda,RWA,2000.0,48.5
El Salvador,SLV,2000.0,51.5
Sao Tome and Principe,STP,2000.0,32.1
Sweden,SWE,2000.0,27.0
Eswatini,SWZ,2000.0,53.1
Thailand,THA,2000.0,42.8
Tonga,TON,2000.0,37.7
Tunisia,TUN,2000.0,40.8
Tanzania,TZA,2000.0,37.3
Uruguay,URY,2000.0,43.4
United States,USA,2000.0,40.1
Uzbekistan,UZB,2000.0,35.9
South Africa,ZAF,2000.0,57.8
Argentina,ARG,2001.0,53.3
Armenia,ARM,2001.0,35.4
Australia,AUS,2001.0,33.5
Azerbaijan,AZE,2001.0,36.5
Bulgaria,BGR,2001.0,32.7
Bosnia and Herzegovina,BIH,2001.0,30.0
Belarus,BLR,2001.0,30.6
Bolivia,BOL,2001.0,57.4
Brazil,BRA,2001.0,58.4
Canada,CAN,2001.0,33.6
Cameroon,CMR,2001.0,42.1
Colombia,COL,2001.0,57.3
Cabo Verde,CPV,2001.0,52.5
Costa Rica,CRI,2001.0,51.5
Germany,DEU,2001.0,29.9
Dominican Republic,DOM,2001.0,50.0
Estonia,EST,2001.0,36.0
France,FRA,2001.0,32.5
United Kingdom,GBR,2001.0,37.1
Georgia,GEO,2001.0,39.6
Honduras,HND,2001.0,55.4
Croatia,HRV,2001.0,31.1
Haiti,HTI,2001.0,59.0
Hungary,HUN,2001.0,26.9
Indonesia,IDN,2001.0,31.2
Israel,ISR,2001.0,38.9
Kazakhstan,KAZ,2001.0,36.0
Kyrgyz Republic,KGZ,2001.0,30.2
Lithuania,LTU,2001.0,32.0
Luxembourg,LUX,2001.0,30.9
Moldova,MDA,2001.0,38.0
Madagascar,MDG,2001.0,47.4
Mali,MLI,2001.0,39.9
Nicaragua,NIC,2001.0,52.9
Pakistan,PAK,2001.0,28.7
Panama,PAN,2001.0,56.7
Peru,PER,2001.0,51.3
Poland,POL,2001.0,32.8
Paraguay,PRY,2001.0,54.6
Romania,ROU,2001.0,29.4
Russian Federation,RUS,2001.0,36.9
Senegal,SEN,2001.0,41.2
El Salvador,SLV,2001.0,51.3
Sweden,SWE,2001.0,26.5
Timor-Leste,TLS,2001.0,35.9
Uruguay,URY,2001.0,45.0
United States,USA,2001.0,40.6
"Venezuela, RB",VEN,2001.0,47.2
Albania,ALB,2002.0,31.7
Argentina,ARG,2002.0,53.8
Armenia,ARM,2002.0,34.8
Azerbaijan,AZE,2002.0,25.3
Belarus,BLR,2002.0,30.3
Bolivia,BOL,2002.0,59.3
Brazil,BRA,2002.0,58.1
Botswana,BWA,2002.0,61.5
Canada,CAN,2002.0,33.6
Switzerland,CHE,2002.0,31.7
China,CHN,2002.0,42.0
Cote d'Ivoire,CIV,2002.0,41.3
Colombia,COL,2002.0,56.0
Costa Rica,CRI,2002.0,51.8
Czechia,CZE,2002.0,26.6
Germany,DEU,2002.0,29.8
Djibouti,DJI,2002.0,40.0
Dominican Republic,DOM,2002.0,49.7
Estonia,EST,2002.0,35.8
Fiji,FJI,2002.0,38.1
France,FRA,2002.0,31.8
United Kingdom,GBR,2002.0,35.1
Georgia,GEO,2002.0,37.2
Guinea,GIN,2002.0,43.0
Guinea-Bissau,GNB,2002.0,35.6
Greece,GRC,2002.0,35.5
Honduras,HND,2002.0,55.7
Hungary,HUN,2002.0,26.8
Indonesia,IDN,2002.0,30.2
Ireland,IRL,2002.0,32.3
Israel,ISR,2002.0,39.6
Italy,ITA,2002.0,34.7
Jamaica,JAM,2002.0,48.3
Jordan,JOR,2002.0,37.0
Kazakhstan,KAZ,2002.0,34.8
Kyrgyz Republic,KGZ,2002.0,30.3
Lao PDR,LAO,2002.0,32.6
Sri Lanka,LKA,2002.0,40.2
Lesotho,LSO,2002.0,51.2
Lithuania,LTU,2002.0,31.9
Luxembourg,LUX,2002.0,31.1
Latvia,LVA,2002.0,35.1
Moldova,MDA,2002.0,35.8
Maldives,MDV,2002.0,41.3
Mexico,MEX,2002.0,50.6
North Macedonia,MKD,2002.0,38.5
Mongolia,MNG,2002.0,32.9
Mozambique,MOZ,2002.0,46.9
Panama,PAN,2002.0,56.1
Peru,PER,2002.0,53.6
Poland,POL,2002.0,34.1
Paraguay,PRY,2002.0,57.3
Romania,ROU,2002.0,30.2
Russian Federation,RUS,2002.0,37.3
El Salvador,SLV,2002.0,51.9
Serbia,SRB,2002.0,32.7
Slovenia,SVN,2002.0,29.1
Sweden,SWE,2002.0,26.2
Thailand,THA,2002.0,41.9
Turkiye,TUR,2002.0,41.4
Uganda,UGA,2002.0,45.2
Ukraine,UKR,2002.0,29.0
Uruguay,URY,2002.0,45.5
United States,USA,2002.0,40.4
Uzbekistan,UZB,2002.0,33.0
"Venezuela, RB",VEN,2002.0,48.9
Viet Nam,VNM,2002.0,37.0
Samoa,WSM,2002.0,40.7
Zambia,ZMB,2002.0,42.1
Argentina,ARG,2003.0,51.0
Armenia,ARM,2003.0,33.0
Australia,AUS,2003.0,33.5
Austria,AUT,2003.0,29.5
Azerbaijan,AZE,2003.0,26.8
Belgium,BEL,2003.0,28.1
Benin,BEN,2003.0,38.6
Burkina Faso,BFA,2003.0,43.3
Bulgaria,BGR,2003.0,28.9
Belarus,BLR,2003.0,28.8
Brazil,BRA,2003.0,57.6
Bhutan,BTN,2003.0,40.9
Canada,CAN,2003.0,33.8
Chile,CHL,2003.0,51.5
Colombia,COL,2003.0,53.6
Costa Rica,CRI,2003.0,49.3
Germany,DEU,2003.0,29.8
Denmark,DNK,2003.0,25.6
Dominican Republic,DOM,2003.0,52.1
Ecuador,ECU,2003.0,53.5
Spain,ESP,2003.0,31.8
Estonia,EST,2003.0,37.2
Finland,FIN,2003.0,27.7
France,FRA,2003.0,31.4
United Kingdom,GBR,2003.0,34.9
Georgia,GEO,2003.0,36.6
"Gambia, The",GMB,2003.0,47.3
Greece,GRC,2003.0,32.8
Honduras,HND,2003.0,58.1
Hungary,HUN,2003.0,30.9
Indonesia,IDN,2003.0,29.3
Ireland,IRL,2003.0,32.9
Iceland,ISL,2003.0,26.8
Israel,ISR,2003.0,40.7
Italy,ITA,2003.0,34.9
Kazakhstan,KAZ,2003.0,33.7
Kyrgyz Republic,KGZ,2003.0,28.7
Lithuania,LTU,2003.0,35.5
Luxembourg,LUX,2003.0,30.2
Latvia,LVA,2003.0,36.5
Moldova,MDA,2003.0,34.9
North Macedonia,MKD,2003.0,38.7
Malaysia,MYS,2003.0,46.4
Namibia,NAM,2003.0,63.3
Nigeria,NGA,2003.0,40.1
Norway,NOR,2003.0,27.6
Nepal,NPL,2003.0,43.8
Panama,PAN,2003.0,55.6
Peru,PER,2003.0,53.1
Philippines,PHL,2003.0,46.6
Poland,POL,2003.0,34.9
Portugal,PRT,2003.0,38.8
Paraguay,PRY,2003.0,54.9
Romania,ROU,2003.0,29.9
Russian Federation,RUS,2003.0,40.0
Sierra Leone,SLE,2003.0,40.2
El Salvador,SLV,2003.0,50.4
Serbia,SRB,2003.0,32.8
Slovenia,SVN,2003.0,30.9
Sweden,SWE,2003.0,25.3
Syrian Arab Republic,SYR,2003.0,37.5
Chad,TCD,2003.0,39.8
Tajikistan,TJK,2003.0,32.7
Turkiye,TUR,2003.0,42.2
Ukraine,UKR,2003.0,28.7
Uruguay,URY,2003.0,45.0
United States,USA,2003.0,40.8
Uzbekistan,UZB,2003.0,35.2
"Venezuela, RB",VEN,2003.0,47.9
Kosovo,XKX,2003.0,29.0
Argentina,ARG,2004.0,48.5
Armenia,ARM,2004.0,37.5
Australia,AUS,2004.0,33.1
Austria,AUT,2004.0,29.8
Azerbaijan,AZE,2004.0,26.6
Belgium,BEL,2004.0,30.5
Bosnia and Herzegovina,BIH,2004.0,34.0
Belarus,BLR,2004.0,26.5
Bolivia,BOL,2004.0,55.0
Brazil,BRA,2004.0,56.5
Canada,CAN,2004.0,33.8
Switzerland,CHE,2004.0,31.6
"Congo, Dem. Rep.",COD,2004.0,41.6
Colombia,COL,2004.0,55.0
Comoros,COM,2004.0,55.9
Costa Rica,CRI,2004.0,48.4
Cyprus,CYP,2004.0,30.1
Czechia,CZE,2004.0,27.5
Germany,DEU,2004.0,30.2
Denmark,DNK,2004.0,24.9
Dominican Republic,DOM,2004.0,52.1
Ecuador,ECU,2004.0,53.9
"Egypt, Arab Rep.",EGY,2004.0,31.8
Spain,ESP,2004.0,33.3
Estonia,EST,2004.0,33.6
Ethiopia,ETH,2004.0,29.8
Finland,FIN,2004.0,27.9
France,FRA,2004.0,30.6
United Kingdom,GBR,2004.0,34.8
Georgia,GEO,2004.0,36.2
Greece,GRC,2004.0,33.6
Honduras,HND,2004.0,58.1
Croatia,HRV,2004.0,29.7
Hungary,HUN,2004.0,29.9
Indonesia,IDN,2004.0,30.4
India,IND,2004.0,27.7
Ireland,IRL,2004.0,33.6
Iceland,ISL,2004.0,28.0
Israel,ISR,2004.0,41.5
Italy,ITA,2004.0,34.3
Jamaica,JAM,2004.0,45.5
Kazakhstan,KAZ,2004.0,31.8
Kyrgyz Republic,KGZ,2004.0,34.8
Lithuania,LTU,2004.0,37.0
Luxembourg,LUX,2004.0,30.2
Latvia,LVA,2004.0,36.4
Moldova,MDA,2004.0,35.0
Mexico,MEX,2004.0,50.3
North Macedonia,MKD,2004.0,38.4
Mauritania,MRT,2004.0,40.2
Malawi,MWI,2004.0,39.9
Netherlands,NLD,2004.0,29.8
Norway,NOR,2004.0,31.6
Pakistan,PAK,2004.0,30.9
Panama,PAN,2004.0,54.8
Peru,PER,2004.0,49.9
Poland,POL,2004.0,38.0
Portugal,PRT,2004.0,38.9
Paraguay,PRY,2004.0,52.3
West Bank and Gaza,PSE,2004.0,34.0
Romania,ROU,2004.0,30.0
Russian Federation,RUS,2004.0,40.3
El Salvador,SLV,2004.0,47.8
Serbia,SRB,2004.0,35.5
Slovak Republic,SVK,2004.0,27.1
Slovenia,SVN,2004.0,24.8
Sweden,SWE,2004.0,26.1
Thailand,THA,2004.0,42.5
Tajikistan,TJK,2004.0,33.6
Turkiye,TUR,2004.0,41.3
Ukraine,UKR,2004.0,28.9
Uruguay,URY,2004.0,45.9
United States,USA,2004.0,40.5
"Venezuela, RB",VEN,2004.0,47.3
Viet Nam,VNM,2004.0,36.8
Zambia,ZMB,2004.0,54.3
Albania,ALB,2005.0,30.6
Argentina,ARG,2005.0,47.8
Armenia,ARM,2005.0,36.0
Austria,AUT,2005.0,28.7
Azerbaijan,AZE,2005.0,26.6
Belgium,BEL,2005.0,29.3
Bangladesh,BGD,2005.0,33.2
Belarus,BLR,2005.0,27.6
Bolivia,BOL,2005.0,58.5
Brazil,BRA,2005.0,56.3
Canada,CAN,2005.0,33.6
China,CHN,2005.0,40.9
"Congo, Rep.",COG,2005.0,47.3
Colombia,COL,2005.0,53.9
Costa Rica,CRI,2005.0,47.5
Cyprus,CYP,2005.0,30.3
Czechia,CZE,2005.0,26.9
Germany,DEU,2005.0,31.7
Denmark,DNK,2005.0,25.2
Dominican Republic,DOM,2005.0,50.0
Ecuador,ECU,2005.0,53.1
Spain,ESP,2005.0,32.4
Estonia,EST,2005.0,33.4
Finland,FIN,2005.0,27.6
France,FRA,2005.0,29.8
"Micronesia, Fed. Sts.",FSM,2005.0,42.4
Gabon,GAB,2005.0,42.2
United Kingdom,GBR,2005.0,35.5
Georgia,GEO,2005.0,37.4
Ghana,GHA,2005.0,42.8
Greece,GRC,2005.0,34.6
Honduras,HND,2005.0,59.5
Hungary,HUN,2005.0,34.7
Indonesia,IDN,2005.0,29.9
Ireland,IRL,2005.0,33.8
"Iran, Islamic Rep.",IRN,2005.0,43.6
Iceland,ISL,2005.0,29.0
Israel,ISR,2005.0,42.3
Italy,ITA,2005.0,33.8
Kazakhstan,KAZ,2005.0,39.8
Kenya,KEN,2005.0,46.4
Kyrgyz Republic,KGZ,2005.0,32.6
Lithuania,LTU,2005.0,35.3
Luxembourg,LUX,2005.0,30.8
Latvia,LVA,2005.0,39.0
Moldova,MDA,2005.0,36.3
Madagascar,MDG,2005.0,39.9
Mexico,MEX,2005.0,50.9
North Macedonia,MKD,2005.0,39.3
Montenegro,MNE,2005.0,30.2
Niger,NER,2005.0,44.4
Nicaragua,NIC,2005.0,48.8
Netherlands,NLD,2005.0,29.0
Norway,NOR,2005.0,30.6
Pakistan,PAK,2005.0,31.3
Panama,PAN,2005.0,53.8
Peru,PER,2005.0,50.4
Poland,POL,2005.0,35.8
Portugal,PRT,2005.0,38.5
Paraguay,PRY,2005.0,51.4
West Bank and Gaza,PSE,2005.0,34.7
Romania,ROU,2005.0,29.8
Russian Federation,RUS,2005.0,41.3
Rwanda,RWA,2005.0,52.0
Senegal,SEN,2005.0,39.2
Solomon Islands,SLB,2005.0,46.1
El Salvador,SLV,2005.0,48.5
Serbia,SRB,2005.0,36.5
Slovak Republic,SVK,2005.0,29.3
Slovenia,SVN,2005.0,24.6
Sweden,SWE,2005.0,26.8
Tunisia,TUN,2005.0,37.7
Turkiye,TUR,2005.0,42.6
Uganda,UGA,2005.0,42.9
Ukraine,UKR,2005.0,29.0
Uruguay,URY,2005.0,44.7
United States,USA,2005.0,41.3
"Venezuela, RB",VEN,2005.0,49.3
Kosovo,XKX,2005.0,31.2
"Yemen, Rep.",YEM,2005.0,34.7
South Africa,ZAF,2005.0,64.8
Argentina,ARG,2006.0,46.4
Armenia,ARM,2006.0,29.7
Austria,AUT,2006.0,29.6
Burundi,BDI,2006.0,33.4
Belgium,BEL,2006.0,28.1
Bulgaria,BGR,2006.0,35.7
Belarus,BLR,2006.0,28.3
Bolivia,BOL,2006.0,56.7
Brazil,BRA,2006.0,55.6
Canada,CAN,2006.0,34.1
Switzerland,CHE,2006.0,33.9
Chile,CHL,2006.0,47.7
Costa Rica,CRI,2006.0,49.3
Cyprus,CYP,2006.0,31.1
Czechia,CZE,2006.0,26.7
Germany,DEU,2006.0,31.0
Denmark,DNK,2006.0,25.9
Dominican Republic,DOM,2006.0,52.0
Ecuador,ECU,2006.0,52.3
Spain,ESP,2006.0,33.5
Estonia,EST,2006.0,33.7
Finland,FIN,2006.0,28.0
France,FRA,2006.0,29.7
United Kingdom,GBR,2006.0,35.9
Georgia,GEO,2006.0,36.9
Greece,GRC,2006.0,35.1
Guatemala,GTM,2006.0,54.5
Honduras,HND,2006.0,57.5
Hungary,HUN,2006.0,28.3
Indonesia,IDN,2006.0,31.5
Ireland,IRL,2006.0,32.7
"Iran, Islamic Rep.",IRN,2006.0,44.8
Iraq,IRQ,2006.0,28.6
Iceland,ISL,2006.0,30.2
Israel,ISR,2006.0,41.6
Italy,ITA,2006.0,33.7
Jordan,JOR,2006.0,33.9
Kazakhstan,KAZ,2006.0,30.2
Kyrgyz Republic,KGZ,2006.0,37.4
Kiribati,KIR,2006.0,37.0
"Korea, Rep.",KOR,2006.0,31.7
Sri Lanka,LKA,2006.0,39.7
Lithuania,LTU,2006.0,34.4
Luxembourg,LUX,2006.0,30.9
Latvia,LVA,2006.0,35.6
Morocco,MAR,2006.0,40.7
Moldova,MDA,2006.0,35.4
Mexico,MEX,2006.0,49.7
North Macedonia,MKD,2006.0,42.6
Mali,MLI,2006.0,38.9
Malta,MLT,2006.0,28.0
Montenegro,MNE,2006.0,30.0
Mauritius,MUS,2006.0,35.7
Malaysia,MYS,2006.0,44.8
Netherlands,NLD,2006.0,30.0
Norway,NOR,2006.0,26.4
Panama,PAN,2006.0,54.6
Peru,PER,2006.0,50.3
Philippines,PHL,2006.0,47.2
Poland,POL,2006.0,34.7
Portugal,PRT,2006.0,38.1
Paraguay,PRY,2006.0,53.0
West Bank and Gaza,PSE,2006.0,34.0
Romania,ROU,2006.0,39.6
Russian Federation,RUS,2006.0,41.0
El Salvador,SLV,2006.0,45.7
Serbia,SRB,2006.0,29.7
Slovak Republic,SVK,2006.0,25.8
Slovenia,SVN,2006.0,24.4
Sweden,SWE,2006.0,26.4
Seychelles,SYC,2006.0,42.8
Syrian Arab Republic,SYR,2006.0,40.1
Togo,TGO,2006.0,42.2
Thailand,THA,2006.0,41.8
Turkiye,TUR,2006.0,39.6
Ukraine,UKR,2006.0,29.8
Uruguay,URY,2006.0,45.9
United States,USA,2006.0,41.7
"Venezuela, RB",VEN,2006.0,44.7
Viet Nam,VNM,2006.0,35.8
Kosovo,XKX,2006.0,30.3
Zambia,ZMB,2006.0,54.6
Argentina,ARG,2007.0,46.3
Armenia,ARM,2007.0,31.2
Austria,AUT,2007.0,30.6
Belgium,BEL,2007.0,29.2
Bulgaria,BGR,2007.0,36.1
Bosnia and Herzegovina,BIH,2007.0,33.1
Belarus,BLR,2007.0,29.6
Bolivia,BOL,2007.0,54.5
Brazil,BRA,2007.0,54.9
Bhutan,BTN,2007.0,38.1
Canada,CAN,2007.0,33.8
Switzerland,CHE,2007.0,34.3
Cameroon,CMR,2007.0,42.8
Cabo Verde,CPV,2007.0,47.2
Costa Rica,CRI,2007.0,49.3
Cyprus,CYP,2007.0,31.1
Czechia,CZE,2007.0,26.0
Germany,DEU,2007.0,31.2
Denmark,DNK,2007.0,26.2
Dominican Republic,DOM,2007.0,48.9
Ecuador,ECU,2007.0,53.4
Spain,ESP,2007.0,34.1
Estonia,EST,2007.0,31.2
Finland,FIN,2007.0,28.3
France,FRA,2007.0,32.4
United Kingdom,GBR,2007.0,34.4
Georgia,GEO,2007.0,38.1
Guinea,GIN,2007.0,39.4
Greece,GRC,2007.0,34.0
Honduras,HND,2007.0,55.8
Hungary,HUN,2007.0,27.9
Indonesia,IDN,2007.0,33.2
Ireland,IRL,2007.0,31.9
Iceland,ISL,2007.0,29.5
Israel,ISR,2007.0,41.1
Italy,ITA,2007.0,32.9
Kazakhstan,KAZ,2007.0,30.1
Kyrgyz Republic,KGZ,2007.0,33.9
Lao PDR,LAO,2007.0,35.4
Liberia,LBR,2007.0,36.4
Lithuania,LTU,2007.0,34.8
Luxembourg,LUX,2007.0,31.1
Latvia,LVA,2007.0,37.5
Moldova,MDA,2007.0,34.4
Malta,MLT,2007.0,29.2
Montenegro,MNE,2007.0,31.4
Mongolia,MNG,2007.0,35.8
Niger,NER,2007.0,37.3
Netherlands,NLD,2007.0,29.6
Norway,NOR,2007.0,27.1
Pakistan,PAK,2007.0,29.7
Panama,PAN,2007.0,52.7
Peru,PER,2007.0,50.0
Poland,POL,2007.0,34.0
Portugal,PRT,2007.0,36.8
Paraguay,PRY,2007.0,53.0
West Bank and Gaza,PSE,2007.0,35.6
Romania,ROU,2007.0,37.5
Russian Federation,RUS,2007.0,42.3
El Salvador,SLV,2007.0,45.2
Serbia,SRB,2007.0,28.7
Slovak Republic,SVK,2007.0,24.7
Slovenia,SVN,2007.0,24.4
Sweden,SWE,2007.0,27.1
Thailand,THA,2007.0,39.8
Tajikistan,TJK,2007.0,32.2
Timor-Leste,TLS,2007.0,27.8
Turkiye,TUR,2007.0,38.4
Tanzania,TZA,2007.0,40.3
Ukraine,UKR,2007.0,27.0
Uruguay,URY,2007.0,46.4
United States,USA,2007.0,41.1
Angola,AGO,2008.0,42.7
Albania,ALB,2008.0,30.0
Argentina,ARG,2008.0,45.0
Armenia,ARM,2008.0,29.2
Australia,AUS,2008.0,35.4
Austria,AUT,2008.0,30.4
Belgium,BEL,2008.0,28.4
Bulgaria,BGR,2008.0,33.6
Belarus,BLR,2008.0,27.8
Bolivia,BOL,2008.0,50.8
Brazil,BRA,2008.0,54.0
Central African Republic,CAF,2008.0,56.2
Canada,CAN,2008.0,33.9
Switzerland,CHE,2008.0,33.8
China,CHN,2008.0,43.0
Cote d'Ivoire,CIV,2008.0,43.2
Colombia,COL,2008.0,55.3
Costa Rica,CRI,2008.0,48.6
Cyprus,CYP,2008.0,31.7
Czechia,CZE,2008.0,26.3
Germany,DEU,2008.0,30.8
Denmark,DNK,2008.0,25.2
Dominican Republic,DOM,2008.0,48.1
Ecuador,ECU,2008.0,49.8
"Egypt, Arab Rep.",EGY,2008.0,31.1
Spain,ESP,2008.0,34.2
Estonia,EST,2008.0,31.9
Finland,FIN,2008.0,27.8
Fiji,FJI,2008.0,40.4
France,FRA,2008.0,33.0
United Kingdom,GBR,2008.0,35.4
Georgia,GEO,2008.0,38.5
Greece,GRC,2008.0,33.6
Honduras,HND,2008.0,55.5
Croatia,HRV,2008.0,33.7
Hungary,HUN,2008.0,27.5
Indonesia,IDN,2008.0,32.6
Ireland,IRL,2008.0,30.9
Iceland,ISL,2008.0,31.8
Israel,ISR,2008.0,41.6
Italy,ITA,2008.0,33.8
Jordan,JOR,2008.0,32.6
Japan,JPN,2008.0,34.6
Kazakhstan,KAZ,2008.0,28.5
Kyrgyz Republic,KGZ,2008.0,31.5
"Korea, Rep.",KOR,2008.0,32.3
Lithuania,LTU,2008.0,35.7
Luxembourg,LUX,2008.0,32.6
Latvia,LVA,2008.0,37.2
Moldova,MDA,2008.0,34.7
Mexico,MEX,2008.0,50.8
North Macedonia,MKD,2008.0,46.1
Malta,MLT,2008.0,29.0
Montenegro,MNE,2008.0,30.5
Mozambique,MOZ,2008.0,45.5
Mauritania,MRT,2008.0,35.7
Malaysia,MYS,2008.0,45.5
Netherlands,NLD,2008.0,29.3
Norway,NOR,2008.0,27.0
Panama,PAN,2008.0,52.7
Peru,PER,2008.0,47.5
Poland,POL,2008.0,33.5
Portugal,PRT,2008.0,36.6
Paraguay,PRY,2008.0,50.7
Romania,ROU,2008.0,36.4
Russian Federation,RUS,2008.0,41.6
El Salvador,SLV,2008.0,46.9
Serbia,SRB,2008.0,27.6
Slovak Republic,SVK,2008.0,26.0
Slovenia,SVN,2008.0,23.7
Sweden,SWE,2008.0,28.1
Thailand,THA,2008.0,40.3
Turkiye,TUR,2008.0,39.0
Ukraine,UKR,2008.0,26.6
Uruguay,URY,2008.0,45.1
United States,USA,2008.0,41.1
Viet Nam,VNM,2008.0,35.6
Samoa,WSM,2008.0,42.0
South Africa,ZAF,2008.0,63.0
Argentina,ARG,2009.0,43.8
Armenia,ARM,2009.0,28.0
Austria,AUT,2009.0,31.5
Belgium,BEL,2009.0,28.6
Burkina Faso,BFA,2009.0,39.8
Bulgaria,BGR,2009.0,33.8
Belarus,BLR,2009.0,27.7
Bolivia,BOL,2009.0,49.2
Brazil,BRA,2009.0,53.7
Botswana,BWA,2009.0,56.9
Canada,CAN,2009.0,34.0
Switzerland,CHE,2009.0,32.9
Chile,CHL,2009.0,47.4
Colombia,COL,2009.0,54.3
Costa Rica,CRI,2009.0,50.6
Cyprus,CYP,2009.0,32.1
Czechia,CZE,2009.0,26.2
Germany,DEU,2009.0,30.5
Denmark,DNK,2009.0,26.7
Dominican Republic,DOM,2009.0,48.9
Ecuador,ECU,2009.0,48.5
Spain,ESP,2009.0,34.9
Estonia,EST,2009.0,31.4
Finland,FIN,2009.0,27.5
France,FRA,2009.0,32.7
United Kingdom,GBR,2009.0,35.1
Georgia,GEO,2009.0,38.2
Greece,GRC,2009.0,33.6
Honduras,HND,2009.0,51.3
Croatia,HRV,2009.0,32.6
Hungary,HUN,2009.0,27.0
Indonesia,IDN,2009.0,33.4
India,IND,2009.0,27.8
Ireland,IRL,2009.0,32.7
"Iran, Islamic Rep.",IRN,2009.0,42.1
Iceland,ISL,2009.0,28.7
Israel,ISR,2009.0,42.6
Italy,ITA,2009.0,33.8
Japan,JPN,2009.0,33.0
Kazakhstan,KAZ,2009.0,28.2
Kyrgyz Republic,KGZ,2009.0,29.9
Sri Lanka,LKA,2009.0,36.1
Lithuania,LTU,2009.0,37.2
Luxembourg,LUX,2009.0,31.2
Latvia,LVA,2009.0,35.9
Moldova,MDA,2009.0,32.9
Maldives,MDV,2009.0,38.4
North Macedonia,MKD,2009.0,42.8
Mali,MLI,2009.0,33.0
Malta,MLT,2009.0,30.2
Montenegro,MNE,2009.0,31.0
Namibia,NAM,2009.0,61.0
Nicaragua,NIC,2009.0,43.9
Netherlands,NLD,2009.0,27.9
Norway,NOR,2009.0,26.2
Panama,PAN,2009.0,51.8
Peru,PER,2009.0,47.0
Philippines,PHL,2009.0,46.3
Papua New Guinea,PNG,2009.0,41.9
Poland,POL,2009.0,33.4
Portugal,PRT,2009.0,34.9
Paraguay,PRY,2009.0,49.1
West Bank and Gaza,PSE,2009.0,34.5
Romania,ROU,2009.0,35.6
Russian Federation,RUS,2009.0,39.8
Sudan,SDN,2009.0,35.4
El Salvador,SLV,2009.0,45.8
Serbia,SRB,2009.0,28.0
South Sudan,SSD,2009.0,46.3
Slovak Republic,SVK,2009.0,27.2
Slovenia,SVN,2009.0,24.8
Sweden,SWE,2009.0,27.3
Eswatini,SWZ,2009.0,51.4
Syrian Arab Republic,SYR,2009.0,40.4
Thailand,THA,2009.0,39.6
Tajikistan,TJK,2009.0,30.8
Tonga,TON,2009.0,37.5
Turkiye,TUR,2009.0,39.0
Uganda,UGA,2009.0,44.2
Ukraine,UKR,2009.0,25.3
Uruguay,URY,2009.0,45.5
United States,USA,2009.0,40.8
Kosovo,XKX,2009.0,31.8
Argentina,ARG,2010.0,43.7
Armenia,ARM,2010.0,30.0
Australia,AUS,2010.0,34.7
Austria,AUT,2010.0,30.3
Belgium,BEL,2010.0,28.4
Bangladesh,BGD,2010.0,32.1
Bulgaria,BGR,2010.0,35.7
Belarus,BLR,2010.0,28.6
Canada,CAN,2010.0,33.6
Switzerland,CHE,2010.0,32.6
China,CHN,2010.0,43.7
Colombia,COL,2010.0,54.6
Costa Rica,CRI,2010.0,48.0
Cyprus,CYP,2010.0,31.5
Czechia,CZE,2010.0,26.6
Germany,DEU,2010.0,30.2
Denmark,DNK,2010.0,27.2
Dominican Republic,DOM,2010.0,47.3
Ecuador,ECU,2010.0,48.8
"Egypt, Arab Rep.",EGY,2010.0,30.2
Spain,ESP,2010.0,35.2
Estonia,EST,2010.0,32.0
Ethiopia,ETH,2010.0,33.2
Finland,FIN,2010.0,27.7
France,FRA,2010.0,33.7
United Kingdom,GBR,2010.0,33.7
Georgia,GEO,2010.0,39.5
"Gambia, The",GMB,2010.0,43.6
Guinea-Bissau,GNB,2010.0,50.6
Greece,GRC,2010.0,34.1
Honduras,HND,2010.0,53.1
Croatia,HRV,2010.0,32.4
Hungary,HUN,2010.0,29.4
Indonesia,IDN,2010.0,34.6
Ireland,IRL,2010.0,32.3
Iceland,ISL,2010.0,26.2
Israel,ISR,2010.0,42.6
Italy,ITA,2010.0,34.7
Jordan,JOR,2010.0,33.7
Japan,JPN,2010.0,31.5
Kazakhstan,KAZ,2010.0,28.0
Kyrgyz Republic,KGZ,2010.0,30.1
"Korea, Rep.",KOR,2010.0,32.0
Lithuania,LTU,2010.0,33.6
Luxembourg,LUX,2010.0,30.5
Latvia,LVA,2010.0,35.0
Moldova,MDA,2010.0,32.1
Madagascar,MDG,2010.0,42.4
Mexico,MEX,2010.0,47.7
North Macedonia,MKD,2010.0,40.1
Malta,MLT,2010.0,29.0
Montenegro,MNE,2010.0,28.9
Mongolia,MNG,2010.0,33.1
Malawi,MWI,2010.0,45.5
Nigeria,NGA,2010.0,35.7
Netherlands,NLD,2010.0,27.8
Norway,NOR,2010.0,25.7
Nepal,NPL,2010.0,32.8
Pakistan,PAK,2010.0,28.8
Panama,PAN,2010.0,51.6
Peru,PER,2010.0,45.5
Poland,POL,2010.0,33.2
Portugal,PRT,2010.0,35.8
Paraguay,PRY,2010.0,51.0
West Bank and Gaza,PSE,2010.0,35.3
Romania,ROU,2010.0,35.5
Russian Federation,RUS,2010.0,39.5
Rwanda,RWA,2010.0,47.2
El Salvador,SLV,2010.0,43.5
Serbia,SRB,2010.0,29.0
Sao Tome and Principe,STP,2010.0,30.8
Slovak Republic,SVK,2010.0,27.3
Slovenia,SVN,2010.0,24.9
Sweden,SWE,2010.0,27.7
Thailand,THA,2010.0,39.4
Tunisia,TUN,2010.0,38.5
Turkiye,TUR,2010.0,38.8
Tuvalu,TUV,2010.0,39.1
Ukraine,UKR,2010.0,24.8
Uruguay,URY,2010.0,44.5
United States,USA,2010.0,40.2
Viet Nam,VNM,2010.0,39.3
Vanuatu,VUT,2010.0,37.4
Kosovo,XKX,2010.0,33.3
South Africa,ZAF,2010.0,63.4
Zambia,ZMB,2010.0,52.0
Argentina,ARG,2011.0,42.7
Armenia,ARM,2011.0,29.4
Austria,AUT,2011.0,30.8
Belgium,BEL,2011.0,28.1
Benin,BEN,2011.0,43.4
Bulgaria,BGR,2011.0,34.3
Bosnia and Herzegovina,BIH,2011.0,33.0
Belarus,BLR,2011.0,27.2
Bolivia,BOL,2011.0,46.1
Brazil,BRA,2011.0,52.9
Canada,CAN,2011.0,32.7
Switzerland,CHE,2011.0,31.7
Chile,CHL,2011.0,46.9
China,CHN,2011.0,42.4
"Congo, Rep.",COG,2011.0,48.9
Colombia,COL,2011.0,53.5
Costa Rica,CRI,2011.0,48.8
Cyprus,CYP,2011.0,32.6
Czechia,CZE,2011.0,26.4
Germany,DEU,2011.0,30.6
Denmark,DNK,2011.0,27.3
Dominican Republic,DOM,2011.0,47.7
Algeria,DZA,2011.0,27.6
Ecuador,ECU,2011.0,45.9
Spain,ESP,2011.0,35.7
Estonia,EST,2011.0,32.5
Finland,FIN,2011.0,27.6
France,FRA,2011.0,33.3
United Kingdom,GBR,2011.0,33.2
Georgia,GEO,2011.0,39.6
Greece,GRC,2011.0,34.8
Honduras,HND,2011.0,52.6
Croatia,HRV,2011.0,32.3
Hungary,HUN,2011.0,29.2
Indonesia,IDN,2011.0,37.9
India,IND,2011.0,28.8
Ireland,IRL,2011.0,32.9
"Iran, Islamic Rep.",IRN,2011.0,34.7
Iceland,ISL,2011.0,26.8
Israel,ISR,2011.0,41.4
Italy,ITA,2011.0,35.1
Japan,JPN,2011.0,33.0
Kazakhstan,KAZ,2011.0,28.0
Kyrgyz Republic,KGZ,2011.0,27.8
Lebanon,LBN,2011.0,31.8
Lithuania,LTU,2011.0,32.5
Luxembourg,LUX,2011.0,32.1
Latvia,LVA,2011.0,35.8
Moldova,MDA,2011.0,30.6
North Macedonia,MKD,2011.0,39.4
Malta,MLT,2011.0,29.1
Montenegro,MNE,2011.0,30.8
Mongolia,MNG,2011.0,33.9
Malaysia,MYS,2011.0,43.9
Niger,NER,2011.0,31.5
Netherlands,NLD,2011.0,27.8
Norway,NOR,2011.0,25.3
Pakistan,PAK,2011.0,29.7
Panama,PAN,2011.0,51.3
Peru,PER,2011.0,44.7
Poland,POL,2011.0,33.2
Portugal,PRT,2011.0,36.3
Paraguay,PRY,2011.0,52.3
West Bank and Gaza,PSE,2011.0,34.4
Romania,ROU,2011.0,35.9
Russian Federation,RUS,2011.0,39.7
Senegal,SEN,2011.0,40.3
Sierra Leone,SLE,2011.0,34.0
El Salvador,SLV,2011.0,42.3
Slovak Republic,SVK,2011.0,26.5
Slovenia,SVN,2011.0,24.9
Sweden,SWE,2011.0,27.6
Chad,TCD,2011.0,43.3
Togo,TGO,2011.0,46.0
Thailand,THA,2011.0,37.5
Turkiye,TUR,2011.0,40.0
Tanzania,TZA,2011.0,37.8
Ukraine,UKR,2011.0,24.6
Uruguay,URY,2011.0,42.2
United States,USA,2011.0,41.2
Kosovo,XKX,2011.0,27.8
Zimbabwe,ZWE,2011.0,43.2
Albania,ALB,2012.0,29.0
Argentina,ARG,2012.0,41.4
Armenia,ARM,2012.0,29.6
Austria,AUT,2012.0,30.5
Belgium,BEL,2012.0,27.5
Bulgaria,BGR,2012.0,36.0
Belarus,BLR,2012.0,26.5
Bolivia,BOL,2012.0,46.6
Brazil,BRA,2012.0,53.4
Bhutan,BTN,2012.0,38.8
Canada,CAN,2012.0,33.5
Switzerland,CHE,2012.0,31.6
China,CHN,2012.0,42.2
"Congo, Dem. Rep.",COD,2012.0,42.1
Colombia,COL,2012.0,52.6
Costa Rica,CRI,2012.0,48.4
Cyprus,CYP,2012.0,34.3
Czechia,CZE,2012.0,26.1
Germany,DEU,2012.0,31.1
Djibouti,DJI,2012.0,45.1
Denmark,DNK,2012.0,27.8
Dominican Republic,DOM,2012.0,46.1
Ecuador,ECU,2012.0,46.1
"Egypt, Arab Rep.",EGY,2012.0,28.3
Spain,ESP,2012.0,35.4
Estonia,EST,2012.0,32.9
Finland,FIN,2012.0,27.1
France,FRA,2012.0,33.1
United Kingdom,GBR,2012.0,33.1
Georgia,GEO,2012.0,39.0
Ghana,GHA,2012.0,42.4
Guinea,GIN,2012.0,33.7
Greece,GRC,2012.0,36.3
Honduras,HND,2012.0,53.4
Croatia,HRV,2012.0,32.5
Haiti,HTI,2012.0,41.1
Hungary,HUN,2012.0,30.8
Indonesia,IDN,2012.0,37.1
Ireland,IRL,2012.0,33.2
"Iran, Islamic Rep.",IRN,2012.0,34.4
Iraq,IRQ,2012.0,29.5
Iceland,ISL,2012.0,26.8
Israel,ISR,2012.0,41.3
Italy,ITA,2012.0,35.2
Japan,JPN,2012.0,32.5
Kazakhstan,KAZ,2012.0,28.2
Kyrgyz Republic,KGZ,2012.0,27.4
"Korea, Rep.",KOR,2012.0,31.6
Lao PDR,LAO,2012.0,36.0
Sri Lanka,LKA,2012.0,38.7
Lithuania,LTU,2012.0,35.1
Luxembourg,LUX,2012.0,34.3
Latvia,LVA,2012.0,35.2
Moldova,MDA,2012.0,29.2
Madagascar,MDG,2012.0,42.6
Mexico,MEX,2012.0,49.6
North Macedonia,MKD,2012.0,38.1
Malta,MLT,2012.0,29.4
Montenegro,MNE,2012.0,41.2
Mongolia,MNG,2012.0,33.8
Mauritius,MUS,2012.0,38.5
Nigeria,NGA,2012.0,35.5
Netherlands,NLD,2012.0,27.6
Norway,NOR,2012.0,25.7
Nauru,NRU,2012.0,32.4
Panama,PAN,2012.0,51.7
Peru,PER,2012.0,44.4
Philippines,PHL,2012.0,46.5
Poland,POL,2012.0,33.0
Portugal,PRT,2012.0,36.0
Paraguay,PRY,2012.0,47.6
Romania,ROU,2012.0,36.5
Russian Federation,RUS,2012.0,40.7
Solomon Islands,SLB,2012.0,37.1
El Salvador,SLV,2012.0,41.8
Serbia,SRB,2012.0,39.9
Slovak Republic,SVK,2012.0,26.1
Slovenia,SVN,2012.0,25.6
Sweden,SWE,2012.0,27.6
Thailand,THA,2012.0,39.3
Turkiye,TUR,2012.0,40.2
Uganda,UGA,2012.0,41.0
Ukraine,UKR,2012.0,24.7
Uruguay,URY,2012.0,39.9
United States,USA,2012.0,41.2
Viet Nam,VNM,2012.0,35.6
Kosovo,XKX,2012.0,29.0
United Arab Emirates,ARE,2013.0,32.5
Argentina,ARG,2013.0,41.1
Armenia,ARM,2013.0,30.6
Austria,AUT,2013.0,30.8
Burundi,BDI,2013.0,38.6
Belgium,BEL,2013.0,27.7
Bulgaria,BGR,2013.0,36.6
Belarus,BLR,2013.0,26.6
Bolivia,BOL,2013.0,47.6
Brazil,BRA,2013.0,52.7
Canada,CAN,2013.0,33.8
Switzerland,CHE,2013.0,32.5
Chile,CHL,2013.0,46.8
China,CHN,2013.0,39.7
Colombia,COL,2013.0,52.6
Costa Rica,CRI,2013.0,49.2
Cyprus,CYP,2013.0,37.0
Czechia,CZE,2013.0,26.5
Germany,DEU,2013.0,31.5
Djibouti,DJI,2013.0,44.1
Denmark,DNK,2013.0,28.5
Dominican Republic,DOM,2013.0,47.7
Ecuador,ECU,2013.0,46.9
Spain,ESP,2013.0,36.2
Estonia,EST,2013.0,35.1
Finland,FIN,2013.0,27.2
Fiji,FJI,2013.0,36.7
France,FRA,2013.0,32.5
"Micronesia, Fed. Sts.",FSM,2013.0,40.1
United Kingdom,GBR,2013.0,32.7
Georgia,GEO,2013.0,38.6
Greece,GRC,2013.0,36.1
Honduras,HND,2013.0,50.0
Croatia,HRV,2013.0,32.0
Hungary,HUN,2013.0,31.5
Indonesia,IDN,2013.0,38.9
Ireland,IRL,2013.0,33.5
"Iran, Islamic Rep.",IRN,2013.0,34.0
Iceland,ISL,2013.0,25.4
Israel,ISR,2013.0,39.9
Italy,ITA,2013.0,34.9
Japan,JPN,2013.0,31.5
Kazakhstan,KAZ,2013.0,27.1
Kyrgyz Republic,KGZ,2013.0,28.8
Lithuania,LTU,2013.0,35.3
Luxembourg,LUX,2013.0,32.0
Latvia,LVA,2013.0,35.5
Morocco,MAR,2013.0,39.5
Moldova,MDA,2013.0,28.5
North Macedonia,MKD,2013.0,36.2
Malta,MLT,2013.0,28.8
Montenegro,MNE,2013.0,39.0
Malaysia,MYS,2013.0,41.3
Netherlands,NLD,2013.0,28.1
Norway,NOR,2013.0,26.4
Pakistan,PAK,2013.0,29.5
Panama,PAN,2013.0,51.5
Peru,PER,2013.0,43.9
Poland,POL,2013.0,33.1
Portugal,PRT,2013.0,36.2
Paraguay,PRY,2013.0,47.9
Romania,ROU,2013.0,36.9
Russian Federation,RUS,2013.0,40.9
Rwanda,RWA,2013.0,45.1
El Salvador,SLV,2013.0,43.4
Serbia,SRB,2013.0,39.4
Slovak Republic,SVK,2013.0,28.1
Slovenia,SVN,2013.0,26.2
Sweden,SWE,2013.0,28.8
Seychelles,SYC,2013.0,46.8
Thailand,THA,2013.0,37.8
Turkiye,TUR,2013.0,40.2
Ukraine,UKR,2013.0,24.6
Uruguay,URY,2013.0,40.5
United States,USA,2013.0,40.9
Samoa,WSM,2013.0,38.7
Kosovo,XKX,2013.0,26.3
Albania,ALB,2014.0,34.6
Argentina,ARG,2014.0,41.8
Armenia,ARM,2014.0,31.5
Australia,AUS,2014.0,34.4
Austria,AUT,2014.0,30.5
Belgium,BEL,2014.0,28.1
Burkina Faso,BFA,2014.0,35.3
Bulgaria,BGR,2014.0,37.4
Belarus,BLR,2014.0,27.2
Bolivia,BOL,2014.0,47.8
Brazil,BRA,2014.0,52.0
Canada,CAN,2014.0,33.2
Switzerland,CHE,2014.0,32.5
China,CHN,2014.0,39.2
Cameroon,CMR,2014.0,46.6
Colombia,COL,2014.0,52.5
Comoros,COM,2014.0,45.3
Costa Rica,CRI,2014.0,48.6
Cyprus,CYP,2014.0,35.6
Czechia,CZE,2014.0,25.9
Germany,DEU,2014.0,30.8
Denmark,DNK,2014.0,28.4
Dominican Republic,DOM,2014.0,44.3
Ecuador,ECU,2014.0,45.0
Spain,ESP,2014.0,36.1
Estonia,EST,2014.0,34.6
Finland,FIN,2014.0,26.8
France,FRA,2014.0,32.3
United Kingdom,GBR,2014.0,33.1
Georgia,GEO,2014.0,37.6
Greece,GRC,2014.0,35.8
Guatemala,GTM,2014.0,48.3
Honduras,HND,2014.0,49.9
Croatia,HRV,2014.0,32.1
Hungary,HUN,2014.0,30.9
Indonesia,IDN,2014.0,38.8
Ireland,IRL,2014.0,31.9
"Iran, Islamic Rep.",IRN,2014.0,34.8
Iceland,ISL,2014.0,27.8
Israel,ISR,2014.0,39.8
Italy,ITA,2014.0,34.7
Japan,JPN,2014.0,31.3
Kazakhstan,KAZ,2014.0,27.0
Kyrgyz Republic,KGZ,2014.0,26.8
"Korea, Rep.",KOR,2014.0,31.2
Liberia,LBR,2014.0,33.2
Lithuania,LTU,2014.0,37.7
Luxembourg,LUX,2014.0,31.2
Latvia,LVA,2014.0,35.1
Moldova,MDA,2014.0,26.8
Mexico,MEX,2014.0,48.9
North Macedonia,MKD,2014.0,35.2
Malta,MLT,2014.0,29.0
Montenegro,MNE,2014.0,38.8
Mongolia,MNG,2014.0,32.0
Mozambique,MOZ,2014.0,54.0
Mauritania,MRT,2014.0,32.6
Niger,NER,2014.0,34.3
Nicaragua,NIC,2014.0,46.2
Netherlands,NLD,2014.0,28.6
Norway,NOR,2014.0,26.8
Panama,PAN,2014.0,50.5
Peru,PER,2014.0,43.1
Poland,POL,2014.0,32.8
Portugal,PRT,2014.0,35.6
Paraguay,PRY,2014.0,50.7
Romania,ROU,2014.0,36.0
Russian Federation,RUS,2014.0,36.9
Sudan,SDN,2014.0,34.2
El Salvador,SLV,2014.0,41.6
Serbia,SRB,2014.0,40.4
Slovak Republic,SVK,2014.0,26.1
Slovenia,SVN,2014.0,25.7
Sweden,SWE,2014.0,28.4
Thailand,THA,2014.0,37.0
Timor-Leste,TLS,2014.0,28.7
Turkiye,TUR,2014.0,41.2
Ukraine,UKR,2014.0,24.0
Uruguay,URY,2014.0,40.1
United States,USA,2014.0,41.7
Viet Nam,VNM,2014.0,34.8
Kosovo,XKX,2014.0,27.3
"Yemen, Rep.",YEM,2014.0,36.7
South Africa,ZAF,2014.0,63.0
Albania,ALB,2015.0,32.8
Armenia,ARM,2015.0,32.4
Austria,AUT,2015.0,30.5
Belgium,BEL,2015.0,27.7
Benin,BEN,2015.0,47.6
Bulgaria,BGR,2015.0,38.6
Belarus,BLR,2015.0,25.6
Bolivia,BOL,2015.0,46.7
Brazil,BRA,2015.0,51.9
Botswana,BWA,2015.0,54.9
Canada,CAN,2015.0,33.7
Switzerland,CHE,2015.0,32.3
Chile,CHL,2015.0,45.3
China,CHN,2015.0,38.6
Cote d'Ivoire,CIV,2015.0,41.5
Colombia,COL,2015.0,51.0
Cabo Verde,CPV,2015.0,42.4
Costa Rica,CRI,2015.0,48.4
Cyprus,CYP,2015.0,34.0
Czechia,CZE,2015.0,25.9
Germany,DEU,2015.0,31.7
Denmark,DNK,2015.0,28.2
Dominican Republic,DOM,2015.0,45.2
Ecuador,ECU,2015.0,46.0
"Egypt, Arab Rep.",EGY,2015.0,31.8
Spain,ESP,2015.0,36.2
Estonia,EST,2015.0,32.7
Ethiopia,ETH,2015.0,35.0
Finland,FIN,2015.0,27.1
France,FRA,2015.0,32.7
United Kingdom,GBR,2015.0,33.3
Georgia,GEO,2015.0,36.5
"Gambia, The",GMB,2015.0,35.9
Greece,GRC,2015.0,36.0
Honduras,HND,2015.0,49.2
Croatia,HRV,2015.0,31.1
Hungary,HUN,2015.0,30.4
Indonesia,IDN,2015.0,38.2
Ireland,IRL,2015.0,31.8
"Iran, Islamic Rep.",IRN,2015.0,35.3
Iceland,ISL,2015.0,26.8
Israel,ISR,2015.0,39.7
Italy,ITA,2015.0,35.4
Japan,JPN,2015.0,30.7
Kazakhstan,KAZ,2015.0,26.8
Kenya,KEN,2015.0,40.8
Kyrgyz Republic,KGZ,2015.0,29.0
St. Lucia,LCA,2015.0,43.7
Lithuania,LTU,2015.0,37.4
Luxembourg,LUX,2015.0,32.9
Latvia,LVA,2015.0,34.2
Moldova,MDA,2015.0,27.0
North Macedonia,MKD,2015.0,35.6
Malta,MLT,2015.0,29.4
Myanmar,MMR,2015.0,38.1
Montenegro,MNE,2015.0,39.0
Malaysia,MYS,2015.0,41.1
Namibia,NAM,2015.0,59.1
Nigeria,NGA,2015.0,35.9
Netherlands,NLD,2015.0,28.2
Norway,NOR,2015.0,27.5
Pakistan,PAK,2015.0,31.3
Panama,PAN,2015.0,50.8
Peru,PER,2015.0,43.4
Philippines,PHL,2015.0,44.6
Poland,POL,2015.0,31.8
Portugal,PRT,2015.0,35.5
Paraguay,PRY,2015.0,47.6
Romania,ROU,2015.0,35.9
Russian Federation,RUS,2015.0,36.5
El Salvador,SLV,2015.0,40.6
Serbia,SRB,2015.0,40.5
Slovak Republic,SVK,2015.0,26.5
Slovenia,SVN,2015.0,25.4
Sweden,SWE,2015.0,29.2
Togo,TGO,2015.0,43.0
Thailand,THA,2015.0,36.0
Tajikistan,TJK,2015.0,34.0
Tonga,TON,2015.0,33.5
Tunisia,TUN,2015.0,32.8
Turkiye,TUR,2015.0,42.9
Ukraine,UKR,2015.0,25.5
Uruguay,URY,2015.0,40.1
United States,USA,2015.0,41.5
Kosovo,XKX,2015.0,26.5
Zambia,ZMB,2015.0,55.8
Albania,ALB,2016.0,33.7
Argentina,ARG,2016.0,42.3
Armenia,ARM,2016.0,32.5
Australia,AUS,2016.0,33.7
Austria,AUT,2016.0,30.8
Belgium,BEL,2016.0,27.6
Bangladesh,BGD,2016.0,32.4
Bulgaria,BGR,2016.0,40.6
Belarus,BLR,2016.0,25.3
Bolivia,BOL,2016.0,45.2
Brazil,BRA,2016.0,53.4
Barbados,BRB,2016.0,34.1
Canada,CAN,2016.0,32.7
Switzerland,CHE,2016.0,33.0
China,CHN,2016.0,38.5
Colombia,COL,2016.0,50.6
Costa Rica,CRI,2016.0,48.7
Cyprus,CYP,2016.0,32.9
Czechia,CZE,2016.0,25.4
Germany,DEU,2016.0,31.4
Denmark,DNK,2016.0,28.2
Dominican Republic,DOM,2016.0,45.7
Ecuador,ECU,2016.0,45.0
Spain,ESP,2016.0,35.8
Estonia,EST,2016.0,31.2
Finland,FIN,2016.0,27.1
France,FRA,2016.0,31.9
United Kingdom,GBR,2016.0,33.1
Georgia,GEO,2016.0,36.6
Ghana,GHA,2016.0,43.5
Greece,GRC,2016.0,35.0
Honduras,HND,2016.0,49.8
Croatia,HRV,2016.0,30.9
Hungary,HUN,2016.0,30.3
Indonesia,IDN,2016.0,36.9
Ireland,IRL,2016.0,32.8
"Iran, Islamic Rep.",IRN,2016.0,35.9
Iceland,ISL,2016.0,27.2
Israel,ISR,2016.0,39.0
Italy,ITA,2016.0,35.2
Japan,JPN,2016.0,31.8
Kazakhstan,KAZ,2016.0,27.2
Kyrgyz Republic,KGZ,2016.0,26.8
"Korea, Rep.",KOR,2016.0,35.2
Liberia,LBR,2016.0,35.3
Sri Lanka,LKA,2016.0,39.3
Lithuania,LTU,2016.0,38.4
Luxembourg,LUX,2016.0,31.7
Latvia,LVA,2016.0,34.3
Moldova,MDA,2016.0,26.3
Maldives,MDV,2016.0,31.3
Mexico,MEX,2016.0,46.9
North Macedonia,MKD,2016.0,34.5
Malta,MLT,2016.0,29.1
Montenegro,MNE,2016.0,38.5
Mongolia,MNG,2016.0,32.3
Malawi,MWI,2016.0,44.7
Netherlands,NLD,2016.0,28.2
Norway,NOR,2016.0,28.5
Panama,PAN,2016.0,50.4
Peru,PER,2016.0,43.6
Poland,POL,2016.0,31.2
Portugal,PRT,2016.0,35.2
Paraguay,PRY,2016.0,47.9
West Bank and Gaza,PSE,2016.0,33.7
Romania,ROU,2016.0,34.4
Russian Federation,RUS,2016.0,36.7
Rwanda,RWA,2016.0,43.7
El Salvador,SLV,2016.0,40.0
Serbia,SRB,2016.0,38.8
South Sudan,SSD,2016.0,44.0
Slovak Republic,SVK,2016.0,25.2
Slovenia,SVN,2016.0,24.8
Sweden,SWE,2016.0,29.6
Eswatini,SWZ,2016.0,54.6
Thailand,THA,2016.0,36.7
Turkiye,TUR,2016.0,41.9
Uganda,UGA,2016.0,42.8
Ukraine,UKR,2016.0,25.0
Uruguay,URY,2016.0,39.7
United States,USA,2016.0,41.3
Viet Nam,VNM,2016.0,35.3
Kosovo,XKX,2016.0,26.7
Albania,ALB,2017.0,33.1
Argentina,ARG,2017.0,41.4
Armenia,ARM,2017.0,33.6
Austria,AUT,2017.0,29.7
Belgium,BEL,2017.0,27.4
Bulgaria,BGR,2017.0,40.4
Belarus,BLR,2017.0,25.4
Bolivia,BOL,2017.0,44.6
Brazil,BRA,2017.0,53.3
Bhutan,BTN,2017.0,37.4
Canada,CAN,2017.0,33.3
Switzerland,CHE,2017.0,32.7
Chile,CHL,2017.0,45.3
China,CHN,2017.0,39.1
Colombia,COL,2017.0,49.7
Costa Rica,CRI,2017.0,48.3
Cyprus,CYP,2017.0,31.4
Czechia,CZE,2017.0,24.9
Germany,DEU,2017.0,31.3
Djibouti,DJI,2017.0,41.6
Denmark,DNK,2017.0,28.7
Dominican Republic,DOM,2017.0,42.2
Ecuador,ECU,2017.0,44.7
"Egypt, Arab Rep.",EGY,2017.0,31.5
Spain,ESP,2017.0,34.7
Estonia,EST,2017.0,30.4
Finland,FIN,2017.0,27.4
France,FRA,2017.0,31.6
Gabon,GAB,2017.0,38.0
United Kingdom,GBR,2017.0,32.6
Georgia,GEO,2017.0,37.9
Greece,GRC,2017.0,34.4
Honduras,HND,2017.0,49.4
Croatia,HRV,2017.0,30.4
Hungary,HUN,2017.0,30.6
Indonesia,IDN,2017.0,36.4
Ireland,IRL,2017.0,31.4
"Iran, Islamic Rep.",IRN,2017.0,36.7
Iceland,ISL,2017.0,26.1
Israel,ISR,2017.0,38.2
Italy,ITA,2017.0,35.9
Japan,JPN,2017.0,31.8
Kazakhstan,KAZ,2017.0,27.5
Kyrgyz Republic,KGZ,2017.0,27.3
"Korea, Rep.",KOR,2017.0,34.9
Lesotho,LSO,2017.0,44.9
Lithuania,LTU,2017.0,37.3
Luxembourg,LUX,2017.0,34.5
Latvia,LVA,2017.0,35.6
Moldova,MDA,2017.0,25.9
North Macedonia,MKD,2017.0,34.2
Malta,MLT,2017.0,29.2
Myanmar,MMR,2017.0,30.7
Montenegro,MNE,2017.0,36.9
Mauritius,MUS,2017.0,36.8
Netherlands,NLD,2017.0,28.5
Norway,NOR,2017.0,27.0
Panama,PAN,2017.0,49.9
Peru,PER,2017.0,43.3
Poland,POL,2017.0,29.7
Portugal,PRT,2017.0,33.8
Paraguay,PRY,2017.0,48.5
Qatar,QAT,2017.0,35.1
Romania,ROU,2017.0,36.0
Russian Federation,RUS,2017.0,35.5
El Salvador,SLV,2017.0,38.0
Serbia,SRB,2017.0,36.1
Sao Tome and Principe,STP,2017.0,40.7
Slovak Republic,SVK,2017.0,23.2
Slovenia,SVN,2017.0,24.2
Sweden,SWE,2017.0,28.8
Thailand,THA,2017.0,36.4
Turkiye,TUR,2017.0,43.5
Ukraine,UKR,2017.0,26.0
Uruguay,URY,2017.0,39.5
United States,USA,2017.0,41.4
Kosovo,XKX,2017.0,44.2
Zimbabwe,ZWE,2017.0,44.3
Angola,AGO,2018.0,51.3
Albania,ALB,2018.0,30.1
United Arab Emirates,ARE,2018.0,26.4
Argentina,ARG,2018.0,41.7
Armenia,ARM,2018.0,34.4
Australia,AUS,2018.0,34.3
Austria,AUT,2018.0,30.8
Belgium,BEL,2018.0,27.2
Benin,BEN,2018.0,37.9
Burkina Faso,BFA,2018.0,43.0
Bulgaria,BGR,2018.0,41.3
Belarus,BLR,2018.0,25.2
Belize,BLZ,2018.0,39.9
Bolivia,BOL,2018.0,42.6
Brazil,BRA,2018.0,53.9
Canada,CAN,2018.0,32.5
Switzerland,CHE,2018.0,33.1
China,CHN,2018.0,38.5
Cote d'Ivoire,CIV,2018.0,37.2
Colombia,COL,2018.0,50.4
Costa Rica,CRI,2018.0,48.0
Cyprus,CYP,2018.0,32.7
Czechia,CZE,2018.0,25.0
Germany,DEU,2018.0,31.9
Denmark,DNK,2018.0,28.2
Dominican Republic,DOM,2018.0,43.7
Ecuador,ECU,2018.0,45.4
Spain,ESP,2018.0,34.7
Estonia,EST,2018.0,30.3
Finland,FIN,2018.0,27.3
France,FRA,2018.0,32.4
United Kingdom,GBR,2018.0,33.7
Georgia,GEO,2018.0,36.4
Guinea,GIN,2018.0,29.6
Guinea-Bissau,GNB,2018.0,34.8
Greece,GRC,2018.0,32.9
Grenada,GRD,2018.0,43.8
Honduras,HND,2018.0,48.9
Croatia,HRV,2018.0,29.7
Indonesia,IDN,2018.0,36.3
Ireland,IRL,2018.0,30.6
"Iran, Islamic Rep.",IRN,2018.0,37.4
Iceland,ISL,2018.0,26.6
Israel,ISR,2018.0,38.6
Italy,ITA,2018.0,35.2
Jamaica,JAM,2018.0,35.3
Japan,JPN,2018.0,32.9
Kazakhstan,KAZ,2018.0,27.8
Kyrgyz Republic,KGZ,2018.0,27.7
"Korea, Rep.",KOR,2018.0,33.7
Lao PDR,LAO,2018.0,38.8
Lithuania,LTU,2018.0,35.7
Luxembourg,LUX,2018.0,35.4
Latvia,LVA,2018.0,35.1
Moldova,MDA,2018.0,25.7
Mexico,MEX,2018.0,46.0
North Macedonia,MKD,2018.0,33.0
Mali,MLI,2018.0,36.0
Malta,MLT,2018.0,28.7
Montenegro,MNE,2018.0,36.8
Mongolia,MNG,2018.0,32.7
Malaysia,MYS,2018.0,41.2
Niger,NER,2018.0,37.3
Nigeria,NGA,2018.0,35.1
Netherlands,NLD,2018.0,28.1
Norway,NOR,2018.0,27.6
Pakistan,PAK,2018.0,29.6
Panama,PAN,2018.0,49.2
Peru,PER,2018.0,42.4
Philippines,PHL,2018.0,42.3
Poland,POL,2018.0,30.2
Portugal,PRT,2018.0,33.5
Paraguay,PRY,2018.0,46.0
Romania,ROU,2018.0,35.8
Russian Federation,RUS,2018.0,35.3
Senegal,SEN,2018.0,38.3
Sierra Leone,SLE,2018.0,35.7
El Salvador,SLV,2018.0,38.6
Serbia,SRB,2018.0,35.0
Slovak Republic,SVK,2018.0,25.0
Slovenia,SVN,2018.0,24.6
Sweden,SWE,2018.0,30.0
Seychelles,SYC,2018.0,32.1
Chad,TCD,2018.0,37.5
Togo,TGO,2018.0,42.5
Thailand,THA,2018.0,36.4
Turkiye,TUR,2018.0,42.4
Tanzania,TZA,2018.0,40.5
Ukraine,UKR,2018.0,26.1
Uruguay,URY,2018.0,39.7
United States,USA,2018.0,41.8
Viet Nam,VNM,2018.0,35.7
Kosovo,XKX,2018.0,44.6
Albania,ALB,2019.0,30.1
Argentina,ARG,2019.0,43.3
Armenia,ARM,2019.0,30.0
Austria,AUT,2019.0,30.2
Belgium,BEL,2019.0,27.2
Bulgaria,BGR,2019.0,40.3
Belarus,BLR,2019.0,25.3
Bolivia,BOL,2019.0,41.6
Brazil,BRA,2019.0,53.5
Canada,CAN,2019.0,31.7
Switzerland,CHE,2019.0,34.0
China,CHN,2019.0,38.2
Colombia,COL,2019.0,51.3
Costa Rica,CRI,2019.0,48.2
Cyprus,CYP,2019.0,31.2
Czechia,CZE,2019.0,25.3
Germany,DEU,2019.0,31.8
Denmark,DNK,2019.0,27.7
Dominican Republic,DOM,2019.0,41.9
Ecuador,ECU,2019.0,45.7
"Egypt, Arab Rep.",EGY,2019.0,31.9
Spain,ESP,2019.0,34.3
Estonia,EST,2019.0,30.8
Finland,FIN,2019.0,27.7
Fiji,FJI,2019.0,30.7
France,FRA,2019.0,31.2
United Kingdom,GBR,2019.0,32.8
Georgia,GEO,2019.0,35.9
Greece,GRC,2019.0,33.1
Honduras,HND,2019.0,48.2
Croatia,HRV,2019.0,28.9
Indonesia,IDN,2019.0,35.4
Ireland,IRL,2019.0,30.3
"Iran, Islamic Rep.",IRN,2019.0,36.5
Iceland,ISL,2019.0,26.8
Israel,ISR,2019.0,38.3
Italy,ITA,2019.0,34.6
Japan,JPN,2019.0,33.0
Kazakhstan,KAZ,2019.0,28.0
Kyrgyz Republic,KGZ,2019.0,29.7
Kiribati,KIR,2019.0,27.8
"Korea, Rep.",KOR,2019.0,33.2
Sri Lanka,LKA,2019.0,37.7
Lithuania,LTU,2019.0,35.3
Luxembourg,LUX,2019.0,34.2
Latvia,LVA,2019.0,34.5
Moldova,MDA,2019.0,26.0
Maldives,MDV,2019.0,29.3
Marshall Islands,MHL,2019.0,35.5
North Macedonia,MKD,2019.0,33.5
Malta,MLT,2019.0,31.0
Montenegro,MNE,2019.0,35.7
Mozambique,MOZ,2019.0,50.7
Mauritania,MRT,2019.0,32.0
Malawi,MWI,2019.0,38.5
Netherlands,NLD,2019.0,29.2
Norway,NOR,2019.0,27.7
Panama,PAN,2019.0,49.8
Peru,PER,2019.0,41.5
Poland,POL,2019.0,28.8
Portugal,PRT,2019.0,32.8
Paraguay,PRY,2019.0,45.7
Romania,ROU,2019.0,34.8
Russian Federation,RUS,2019.0,35.7
El Salvador,SLV,2019.0,38.8
Serbia,SRB,2019.0,34.5
Slovak Republic,SVK,2019.0,23.2
Slovenia,SVN,2019.0,24.4
Sweden,SWE,2019.0,29.3
Thailand,THA,2019.0,34.9
Turkiye,TUR,2019.0,43.8
Uganda,UGA,2019.0,42.7
Ukraine,UKR,2019.0,26.6
Uruguay,URY,2019.0,39.7
United States,USA,2019.0,41.9
Vanuatu,VUT,2019.0,32.3
Kosovo,XKX,2019.0,40.2
Zimbabwe,ZWE,2019.0,50.3
Albania,ALB,2020.0,29.4
Argentina,ARG,2020.0,42.7
Armenia,ARM,2020.0,25.1
Australia,AUS,2020.0,33.8
Austria,AUT,2020.0,29.8
Burundi,BDI,2020.0,37.5
Belgium,BEL,2020.0,26.0
Bulgaria,BGR,2020.0,40.5
Belarus,BLR,2020.0,24.4
Bolivia,BOL,2020.0,43.6
Brazil,BRA,2020.0,48.9
Canada,CAN,2020.0,29.9
Switzerland,CHE,2020.0,33.7
Chile,CHL,2020.0,47.0
China,CHN,2020.0,37.1
"Congo, Dem. Rep.",COD,2020.0,44.7
Colombia,COL,2020.0,53.5
Costa Rica,CRI,2020.0,49.2
Cyprus,CYP,2020.0,31.7
Czechia,CZE,2020.0,26.2
Germany,DEU,2020.0,32.4
Denmark,DNK,2020.0,27.5
Dominican Republic,DOM,2020.0,39.6
Ecuador,ECU,2020.0,47.3
Spain,ESP,2020.0,34.9
Estonia,EST,2020.0,30.7
Finland,FIN,2020.0,27.1
France,FRA,2020.0,30.7
United Kingdom,GBR,2020.0,32.6
Georgia,GEO,2020.0,34.5
"Gambia, The",GMB,2020.0,38.8
Greece,GRC,2020.0,33.6
Croatia,HRV,2020.0,29.5
Indonesia,IDN,2020.0,35.3
Ireland,IRL,2020.0,29.2
"Iran, Islamic Rep.",IRN,2020.0,35.8
Israel,ISR,2020.0,37.8
Italy,ITA,2020.0,35.2
Japan,JPN,2020.0,32.3
Kazakhstan,KAZ,2020.0,28.7
Kenya,KEN,2020.0,36.2
Kyrgyz Republic,KGZ,2020.0,29.0
"Korea, Rep.",KOR,2020.0,32.7
Lithuania,LTU,2020.0,36.0
Luxembourg,LUX,2020.0,33.4
Latvia,LVA,2020.0,35.7
Moldova,MDA,2020.0,25.0
Mexico,MEX,2020.0,44.6
Malta,MLT,2020.0,31.4
Montenegro,MNE,2020.0,35.4
Netherlands,NLD,2020.0,26.0
Norway,NOR,2020.0,28.4
Peru,PER,2020.0,43.7
Poland,POL,2020.0,28.5
Portugal,PRT,2020.0,34.7
Paraguay,PRY,2020.0,43.5
Romania,ROU,2020.0,34.6
Russian Federation,RUS,2020.0,33.7
Serbia,SRB,2020.0,35.0
Slovak Republic,SVK,2020.0,24.2
Slovenia,SVN,2020.0,24.0
Sweden,SWE,2020.0,28.9
Thailand,THA,2020.0,35.0
Turkiye,TUR,2020.0,43.0
Ukraine,UKR,2020.0,25.6
Uruguay,URY,2020.0,40.2
United States,USA,2020.0,40.0
Viet Nam,VNM,2020.0,36.8
Kosovo,XKX,2020.0,57.4
Argentina,ARG,2021.0,42.4
Armenia,ARM,2021.0,27.9
Austria,AUT,2021.0,30.7
Belgium,BEL,2021.0,26.6
Benin,BEN,2021.0,34.4
Burkina Faso,BFA,2021.0,37.4
Bulgaria,BGR,2021.0,39.0
Bolivia,BOL,2021.0,40.9
Brazil,BRA,2021.0,52.9
Central African Republic,CAF,2021.0,43.0
Canada,CAN,2021.0,31.1
Switzerland,CHE,2021.0,33.8
China,CHN,2021.0,35.7
Cote d'Ivoire,CIV,2021.0,35.3
Cameroon,CMR,2021.0,42.2
Colombia,COL,2021.0,55.1
Costa Rica,CRI,2021.0,48.7
Cyprus,CYP,2021.0,31.3
Czechia,CZE,2021.0,26.2
Denmark,DNK,2021.0,28.3
Dominican Republic,DOM,2021.0,38.5
Ecuador,ECU,2021.0,45.8
"Egypt, Arab Rep.",EGY,2021.0,28.5
Spain,ESP,2021.0,33.9
Estonia,EST,2021.0,31.8
Ethiopia,ETH,2021.0,31.1
Finland,FIN,2021.0,27.7
France,FRA,2021.0,31.5
United Kingdom,GBR,2021.0,32.4
Georgia,GEO,2021.0,34.2
Guinea-Bissau,GNB,2021.0,33.4
Greece,GRC,2021.0,32.9
Croatia,HRV,2021.0,28.9
Indonesia,IDN,2021.0,35.5
Ireland,IRL,2021.0,29.4
"Iran, Islamic Rep.",IRN,2021.0,35.5
Israel,ISR,2021.0,37.9
Italy,ITA,2021.0,34.8
Jamaica,JAM,2021.0,39.9
Kazakhstan,KAZ,2021.0,29.2
Kenya,KEN,2021.0,38.7
Kyrgyz Republic,KGZ,2021.0,28.8
"Korea, Rep.",KOR,2021.0,32.9
Lithuania,LTU,2021.0,36.7
Luxembourg,LUX,2021.0,32.7
Latvia,LVA,2021.0,34.3
Moldova,MDA,2021.0,25.7
Madagascar,MDG,2021.0,36.8
Mali,MLI,2021.0,35.7
Malta,MLT,2021.0,31.6
Montenegro,MNE,2021.0,34.3
Malaysia,MYS,2021.0,40.7
Niger,NER,2021.0,32.9
Netherlands,NLD,2021.0,25.7
Norway,NOR,2021.0,29.1
Panama,PAN,2021.0,50.9
Peru,PER,2021.0,40.1
Philippines,PHL,2021.0,40.7
Poland,POL,2021.0,28.5
Portugal,PRT,2021.0,34.6
Paraguay,PRY,2021.0,42.9
Romania,ROU,2021.0,33.9
Russian Federation,RUS,2021.0,35.1
Senegal,SEN,2021.0,36.2
El Salvador,SLV,2021.0,39.0
Serbia,SRB,2021.0,33.1
Slovak Republic,SVK,2021.0,24.1
Slovenia,SVN,2021.0,24.3
Sweden,SWE,2021.0,29.8
Togo,TGO,2021.0,37.9
Thailand,THA,2021.0,34.9
Tajikistan,TJK,2021.0,32.4
Tonga,TON,2021.0,27.1
Tunisia,TUN,2021.0,33.7
Turkiye,TUR,2021.0,44.4
Uruguay,URY,2021.0,40.8
United States,USA,2021.0,39.7
Uzbekistan,UZB,2021.0,32.9
Kosovo,XKX,2021.0,49.4
Argentina,ARG,2022.0,40.7
Armenia,ARM,2022.0,27.9
Austria,AUT,2022.0,30.9
Belgium,BEL,2022.0,26.4
Bangladesh,BGD,2022.0,30.9
Bulgaria,BGR,2022.0,38.2
Bolivia,BOL,2022.0,41.2
Brazil,BRA,2022.0,52.0
Bhutan,BTN,2022.0,28.5
Switzerland,CHE,2022.0,33.8
Chile,CHL,2022.0,43.0
China,CHN,2022.0,36.0
Colombia,COL,2022.0,54.8
Costa Rica,CRI,2022.0,47.2
Cyprus,CYP,2022.0,31.5
Czechia,CZE,2022.0,25.9
Denmark,DNK,2022.0,29.3
Dominican Republic,DOM,2022.0,37.0
Ecuador,ECU,2022.0,45.5
Spain,ESP,2022.0,33.6
Estonia,EST,2022.0,32.3
Finland,FIN,2022.0,27.9
France,FRA,2022.0,31.2
Georgia,GEO,2022.0,33.5
Equatorial Guinea,GNQ,2022.0,38.5
Greece,GRC,2022.0,33.4
Croatia,HRV,2022.0,30.0
Indonesia,IDN,2022.0,35.5
India,IND,2022.0,25.5
Ireland,IRL,2022.0,29.9
"Iran, Islamic Rep.",IRN,2022.0,34.8
Italy,ITA,2022.0,33.7
Kenya,KEN,2022.0,37.7
Kyrgyz Republic,KGZ,2022.0,26.4
Lebanon,LBN,2022.0,35.3
Lithuania,LTU,2022.0,36.6
Luxembourg,LUX,2022.0,34.1
Latvia,LVA,2022.0,33.7
Moldova,MDA,2022.0,25.9
Mexico,MEX,2022.0,43.5
Malta,MLT,2022.0,34.6
Mongolia,MNG,2022.0,31.4
Mozambique,MOZ,2022.0,49.6
Nigeria,NGA,2022.0,33.9
Norway,NOR,2022.0,26.9
Nepal,NPL,2022.0,30.0
Peru,PER,2022.0,40.3
Poland,POL,2022.0,28.9
Portugal,PRT,2022.0,36.3
Paraguay,PRY,2022.0,44.6
Romania,ROU,2022.0,32.3
Russian Federation,RUS,2022.0,33.9
El Salvador,SLV,2022.0,38.8
Serbia,SRB,2022.0,32.8
Suriname,SUR,2022.0,39.2
Slovak Republic,SVK,2022.0,24.1
Slovenia,SVN,2022.0,24.3
Sweden,SWE,2022.0,31.6
Syrian Arab Republic,SYR,2022.0,26.6
Chad,TCD,2022.0,37.4
Thailand,THA,2022.0,34.3
Tajikistan,TJK,2022.0,39.5
Turkiye,TUR,2022.0,44.5
Uruguay,URY,2022.0,40.6
United States,USA,2022.0,41.7
Uzbekistan,UZB,2022.0,31.2
Viet Nam,VNM,2022.0,36.1
Kosovo,XKX,2022.0,38.3
Zambia,ZMB,2022.0,51.5
Argentina,ARG,2023.0,42.4
Armenia,ARM,2023.0,27.2
Austria,AUT,2023.0,31.2
Belgium,BEL,2023.0,26.8
Bulgaria,BGR,2023.0,39.5
Bolivia,BOL,2023.0,42.1
Brazil,BRA,2023.0,51.6
Colombia,COL,2023.0,53.9
Costa Rica,CRI,2023.0,46.7
Cyprus,CYP,2023.0,31.8
Czechia,CZE,2023.0,25.7
Denmark,DNK,2023.0,29.9
Dominican Republic,DOM,2023.0,38.4
Ecuador,ECU,2023.0,44.6
Spain,ESP,2023.0,33.4
Estonia,EST,2023.0,30.7
Finland,FIN,2023.0,27.4
France,FRA,2023.0,31.8
Georgia,GEO,2023.0,34.8
Greece,GRC,2023.0,33.4
Guatemala,GTM,2023.0,45.2
Honduras,HND,2023.0,46.8
Croatia,HRV,2023.0,30.1
Indonesia,IDN,2023.0,36.1
Ireland,IRL,2023.0,29.0
"Iran, Islamic Rep.",IRN,2023.0,35.9
Iraq,IRQ,2023.0,29.8
Italy,ITA,2023.0,34.3
Kyrgyz Republic,KGZ,2023.0,27.2
Lithuania,LTU,2023.0,36.0
Luxembourg,LUX,2023.0,33.6
Latvia,LVA,2023.0,34.0
Moldova,MDA,2023.0,26.8
Norway,NOR,2023.0,26.5
Panama,PAN,2023.0,48.9
Peru,PER,2023.0,40.7
Philippines,PHL,2023.0,39.3
Poland,POL,2023.0,28.5
Portugal,PRT,2023.0,33.9
Paraguay,PRY,2023.0,44.2
West Bank and Gaza,PSE,2023.0,36.4
Romania,ROU,2023.0,29.8
Russian Federation,RUS,2023.0,33.0
Rwanda,RWA,2023.0,39.4
El Salvador,SLV,2023.0,39.8
Slovak Republic,SVK,2023.0,23.8
Slovenia,SVN,2023.0,24.7
Sweden,SWE,2023.0,29.3
Thailand,THA,2023.0,33.5
Tajikistan,TJK,2023.0,38.0
Uruguay,URY,2023.0,40.9
United States,USA,2023.0,41.8
Uzbekistan,UZB,2023.0,34.5
Argentina,ARG,2024.0,42.4
Costa Rica,CRI,2024.0,45.8
Dominican Republic,DOM,2024.0,39.0
Ecuador,ECU,2024.0,45.2
Georgia,GEO,2024.0,33.9
Honduras,HND,2024.0,45.7
Indonesia,IDN,2024.0,34.9
Panama,PAN,2024.0,49.7
Peru,PER,2024.0,40.1
Paraguay,PRY,2024.0,44.2
Tajikistan,TJK,2024.0,36.1
Uruguay,URY,2024.0,40.0
Uzbekistan,UZB,2024.0,34.6
